Ticker,YPA,AOX,KWE,VSR,VWR,ZNX,MWN,MZJ,VEO,GJA,TUW,HBM,WNF,ABM,RLR,GPE,BUL,PKU,VLK,VYQ,EVW,NQW,PHV,DAI,WGQ,JFL,RLF,NFR,ZKY,STK,OWG,YLF,CPM,TGI,MGW,NTR,KKD,JPN,CGS,VOX
Basic shares outstanding,9373689,1383451400,4004247552,1453021337,179925180,649845927,16070752000,45460884,87838044,860309377,22208074,4853085347,132866617,1936709623,153057180,61709682,1957434814,214416918,287407842,392581776,586044522,76000000,6163000000,363696901,1023726443,309614906,903180353,263900000,357111192,569603928,261785429,60026348,59555617,1587486000,703625412,107878343,773092469,152911344,1044490015,463369603
10/5/20,242.600006,137.929993,7.02,30.959999,11.93,13.12,116.5,270.69,100.8,60.6,22.63,3.3,10.2,44.91,88.25,5.05,72.7,57.07,151.98,95.6275,36.46,24.447,74.1415,19.23,282.1,39.36,116.6444,19.95,235.9,162.75,47.28,342.87,102.03,11.29,321.93,46.79,216.64,141.8933,57.47,39.22
10/6/20,242.619995,135.699997,6.98,30.4,12,12.53,113.16,264.82,100.86,60.4,23.2,3.31,9.93,44.41,85.38,4.86,72.3,55,153.03,93.7225,35.99,24.149,72.551,18.63,276.47,37.97,116.6061,20.09,233.0067,162.23,46.93,339.28,101.42,11.26,315.04,45.61,214.34,137.9933,56.66,39.76
10/7/20,239.720001,137.009995,7.23,31.620001,12.24,13.07,115.08,268.54,101.56,61.12,23.36,3.26,10.19,44.84,88,5.11,73.78,55.74,152.58,98.455,36.71,24.55,72.957,19.78,282.79,37.68,118.6138,21.09,240.0933,166.49,48.65,351.83,104,11.21,313.31,47.15,219.53,141.7667,56.1,40.08
10/8/20,240.330002,137.850006,7.35,32.209999,12.73,13.16,114.97,271.2,103.69,62.6,24.27,3.39,10.23,44.72,87.89,5.55,75.22,54.74,156.85,96.875,37.67,24.753,74.1715,19.83,284.52,38.59,125.7075,21.07,241.0067,167.71,49.44,359.53,101.06,11.36,315.32,47.43,219.03,141.9733,57.22,39.85
10/9/20,242.289993,138.440002,7.25,32.16,12.52,13.2,116.97,273.56,103.99,63.29,25.45,3.43,10.22,44.93,89.22,5.25,74,52.35,158.34,96.5,37.56,24.93,75.5225,19.81,285.92,38.06,122.1702,21.4,246.0633,169.3,48.86,366,99.88,11.57,314.63,48.08,222.82,144.6667,56.31,40.16
10/12/20,245.830002,142.130005,7.67,32.209999,12.59,12.92,124.4,277.85,107.76,64.68,26.12,3.36,10.35,45.88,88.82,5.04,74.51,53.95,159.06,98.545,38.21,25.293,78.2295,19.28,286.91,38.64,121.6157,20.96,251.89,168.65,49.28,366.84,97.32,11.68,313.93,47.96,228.93,147.4333,55.87,40.08
10/13/20,248.509995,143.539993,7.76,31.870001,12.72,12.22,121.1,276.95,105.04,64.69,25.59,3.37,10.18,43.68,90.03,4.81,73.4,55.45,157.98,100.235,38.64,25.205,78.3535,19.34,290.36,38.65,119.5985,20.89,251.7833,166.63,48.67,373.78,97.61,11.7,308.82,47.39,228.18,148.8833,54.26,40.57
10/14/20,250,142.520004,7.57,31.67,13,12.36,121.19,280.84,104.48,63.98,25.1,3.38,9.99,43.03,89.45,4.87,72.95,55.33,156.36,98.5025,37.62,25.13,78.172,19.61,287.09,38.59,120.4015,21.14,250.36,168.4,49.38,372.94,95.16,11.23,306.6,47.56,226.81,153.7667,53.87,41.65
10/15/20,253.660004,141.429993,7.62,32.59,12.3,12.23,120.71,283.57,104.82,63.51,25.66,3.47,10.25,43.61,89.94,4.86,73.51,55.6,156.67,99.895,38.08,25.025,77.7735,19.86,287.54,39.32,119.3977,20.98,247,169.08,49.26,375.91,97.28,11.03,310.54,47.98,228.03,149.6267,55.05,40.96
10/16/20,254.070007,141.729996,7.67,33.450001,12.62,12.46,119.02,286.48,104.99,63,25.61,3.31,10.07,43.19,89.99,4.67,72.89,54.97,157.7,101.25,37.42,24.979,78.385,19.32,287.66,38.06,120.392,20.89,250.8933,170.97,49.33,381.8,96.05,10.79,310.25,47.94,226.48,146.5567,54.28,39.78
10/19/20,250.559998,139.679993,7.59,33.349998,12.63,12.56,115.98,281.47,103.93,62.05,25.79,3.34,9.86,42.9,89.08,4.53,71.28,53.42,155.18,99.375,36.19,24.563,76.4975,19.1,283.73,36.6,120,20.73,245.3733,169.55,48.97,383.12,94.45,10.72,307.78,47.8,224.37,143.61,52.58,38.65
10/20/20,250.199997,139.710007,7.74,35.599998,12.8,12.8,117.51,277.53,105.3,62.26,27.21,3.48,10.02,43.52,88.5,4.73,71.68,54.47,155.6,98.1075,36.28,24.605,77.554,19.03,286.04,37.85,112.2084,21.15,244.3333,170.95,48.51,384.68,95.5,10.66,306.61,49.26,226.4,140.6467,54.09,38.71
10/21/20,248.990005,139.600006,7.85,35.77,13.32,12.75,116.87,272.6,103.9,62.11,27.57,3.52,10.1,43.01,89,4.66,70.87,52.45,154.87,96.96,35.12,24.452,79.2995,18.61,284.51,37.19,110,20.23,242.8267,169.17,48.44,376.07,90.25,10.54,307.27,49.91,227.45,140.88,53.71,38.99
10/22/20,250.139999,139.610001,8.21,37.41,13.66,13.15,115.75,278.5,101.97,61.7,27.62,3.63,10.2,43.95,89.56,4.93,73.4,54.13,152.3,98.95,36.93,24.498,80.333,21.15,281.16,39.25,110.6692,20.16,244.3133,170.71,49.9,377.33,91.8,10.34,294.01,50.27,225.17,141.93,55.25,38.6
10/23/20,247.520004,139.559998,8.16,36.830002,13.47,12.6,115.04,281.42,102.88,60.95,27.14,3.56,10.24,43.95,92.21,5.3,72.57,54.69,152.6,102.75,37.51,24.53,81.649,21.42,283,39.37,110.8987,20.22,245.16,169.8,50.19,388.65,91.67,10.27,302.11,51.95,226.74,140.21,56.26,38.28
10/26/20,241.229996,138.059998,8.03,35.82,13,11.8,115.05,288.32,100.84,59.51,25.73,3.62,9.92,43.26,88.8,5.08,70.94,51.76,152.67,104.5,34.93,24.079,79.2145,20.6,276.04,37.43,107.2849,19.8,237.2567,166.16,48.28,378.42,91.55,10.01,303.33,51.13,220.63,140.0933,55.7,37.65
10/27/20,239.210007,139.119995,7.92,34.889999,13.03,11.23,116.6,290.51,99.26,58.83,25,3.49,9.83,41.88,88.84,5.11,69.51,48.47,150.66,95.1575,34.58,24.009,79.944,20.35,276.84,37.4,105.6979,19.65,240.3,161.03,48.22,382.7,92.04,10.03,301.83,51.95,222.91,141.56,54.03,37.48
10/28/20,233.380005,134.169998,7.7,34.09,12.36,10.95,111.2,283,96.36,57.32,24.62,3.14,9.86,41.13,88.62,4.73,66.88,45.26,149.88,87.28,32.51,23.241,75.54,19.37,269.72,36.12,101.9598,19.35,229.2667,158.53,46.58,371.55,92.38,10.03,295.42,51.42,217.82,135.34,52.26,36.65
10/29/20,231.089996,133.990005,7.9,34.889999,12.75,11.16,115.32,254.61,98.11,59.5,24,3.22,10.05,41.66,88.23,5.09,68.8,46.1,148.72,83.8225,33.97,23.483,77.844,19.65,269.63,37.18,104.1205,19.75,228.76,158.48,47.94,373.09,91.31,10.04,295.02,52.51,219.46,136.9433,54.63,37.33
10/30/20,228.949997,133.289993,7.73,34.529999,12.92,11.28,108.86,251.88,98.5,59.23,23.89,3.1,9.97,41.42,86.22,5.23,69.5,44.82,144.3,79.895,34.24,23.13,80.8055,19.45,266.71,37.22,106.7495,19.56,222.36,159.96,47.76,364.09,90.86,9.71,290.37,52.34,213.86,129.3467,53.77,36.36
11/2/20,226.369995,135.149994,7.71,34.549999,13.61,11.19,108.77,254.85,101.51,60.33,24.82,3.12,10.13,42.21,84.09,5.44,72.15,46.66,145.95,78,35.15,23.45,81.216,20.83,270.74,38.04,107.9445,19.91,225.3267,162.94,48.87,360.6,92.85,9.81,293.52,54.21,215.78,133.5033,56.74,38.41
11/3/20,232.009995,137.039993,7.88,35.349998,13.83,11.25,110.44,260.8,104.08,61.83,25.32,3.21,10.23,43.53,87.2,5.76,71.74,50.11,145.89,82.9425,35.02,23.922,82.283,20.95,277.37,36.91,109.1396,20.15,227.3333,165.51,50.05,369.14,94.17,10.19,291.01,53.92,221.74,141.3,59.01,38.5
11/4/20,232.210007,137.860001,7.64,35.240002,13.19,11.01,114.95,266.44,101.55,64.86,24.06,3.25,10.01,42.08,91.92,5.6,71.77,52.2,148.01,86.125,36.04,24.504,87.2925,20.93,282.72,37.22,106.979,19.89,236.55,160.16,46.95,397.43,95.48,9.96,302.02,52.88,233.31,140.3267,56.99,39.1
11/5/20,241.5,138.050003,7.99,37.139999,14.05,11.6,119.03,272.4,104.13,69.95,24.78,3.36,10.09,43.07,91.04,5.64,72.14,56.13,147.51,88.7775,35.6,24.801,88.125,21.3,285.85,37,109.7228,21.29,242.76,163.2,48.8,373.26,100.37,10.21,305.82,54.25,240.56,146.03,56.85,37.78
11/6/20,237.5,138.380005,7.79,37.470001,14.44,11.46,118.69,272.21,102.83,70.53,24.1,3.5,9.91,42.71,94.02,5.39,71.15,56.89,146.68,90.33,34.58,24.696,87.9865,21.43,284.24,36.49,109.0249,21.45,244.6233,163.02,48.42,388.12,97.74,10.48,306.62,55.13,241.78,143.3167,55.5,38.92
11/9/20,242.059998,138.449997,8.2,38.959999,15.73,13.2,116.32,279.61,111.87,71.3,25.18,3.84,10.11,47.64,94.27,7.23,79.4,63.08,138.22,85.96,40.31,24.61,88.071,23.06,269.97,43.39,110.4493,21.49,257.8167,163.43,50.76,405.05,89.19,10.65,297.47,54.66,233.79,140.42,66.66,40.23
11/10/20,255.589996,141.720001,8.38,41.080002,15.99,12.38,115.97,268.84,115.15,69.39,25.43,4.02,10.29,47.65,94.65,6.65,83.07,60.28,135.82,84.8825,42.19,24.772,86.886,23.34,275.57,44.79,112.7247,21.17,249.8333,169.14,51.78,377.68,92.88,10.5,290.64,54.16,219.33,136.7867,67.84,40.53
11/11/20,260,143.899994,8.33,40.560001,15.89,12.04,119.49,269.28,112.36,71.16,25.05,4.04,10.2,48.93,97,6.57,82.46,58.97,140.99,86.875,41.91,24.972,87.3615,22.8,277.75,44,112.0459,21.85,245.85,169.21,50.81,381.46,94.76,10.6,298.59,54.14,224.9,139.0433,65.52,41.11
11/12/20,254.410004,143.839996,8.21,39.32,15.62,11.74,119.21,268.29,110.15,69.8,24.2,3.82,9.99,48.28,96.37,5.95,80.67,57.78,141.4,84.175,40.49,24.7,87.141,21.73,276.24,41.59,109.4646,21.6,246.9233,167.05,49.61,379.98,90.92,10.35,296.97,53.58,223.76,137.2533,63.58,40.3
11/13/20,258.470001,144.710007,8.54,41.189999,16.57,12.24,119.26,272.1,114,72.81,24.93,3.88,10.2,48.66,95.86,6.45,83.03,61.38,144.65,84.1,42.67,25.121,88.613,22.07,277.17,43.42,111.7113,21.7,251.1267,169.79,51.66,381.72,93.21,10.53,304,54.39,226.23,136.1667,65.57,40.88
11/16/20,266.75,145.759995,8.8,42.130001,17.66,12.79,120.3,272.75,118.26,74.48,25.53,4.11,10.25,50.4,94.92,7.24,88.96,63.19,142,85.0075,45.35,25.34,88.7015,24.16,279.57,46.82,113.1549,21.81,252.73,173.86,54.3,379.33,96.46,10.69,295.41,55.54,222.34,136.03,66.42,42.26
11/17/20,269.630005,145.240005,8.75,41.98,18.27,12.7,119.39,269.93,115.46,74.37,25.9,4.25,10.19,50.73,97.13,8.05,87.04,63.73,142.42,83.5875,45.67,25.37,88.083,24.56,272.47,47.31,112.5239,21.85,249.7167,173.64,53.86,381.66,97.01,10.75,298.78,56.09,221.2,147.2033,65.95,42.23
11/18/20,268.339996,143.380005,8.82,42.720001,18.33,12.74,118.03,266.21,114.56,75.71,26.08,4.12,10.05,51.05,96.69,7.52,84.28,63.8,142.4,82.3025,44.93,24.997,87.032,23.67,269.83,46.03,111.6348,21.53,244.46,171.4,52.92,380.27,90.88,10.535,298.52,55.87,218.19,162.2133,63.83,41.47
11/19/20,268.640015,143.320007,8.82,42.82,18.93,12.79,118.64,270.61,114.13,77.25,26.37,4.17,10.12,52.14,97.35,8.15,85.73,65.73,143,82.66,45.46,25.026,87.9285,24.4,270.93,47.07,112.0268,21.84,244.65,171.61,52.83,392.64,92,10.53,297.76,56.05,221.28,166.4233,65.2,41.95
11/20/20,263.890015,143.419998,8.74,43.040001,18.82,12.53,117.34,268.21,113,76.72,26.48,4.06,10,51.65,96.18,7.99,85.79,64.01,142.7,78.9675,45.39,24.9,86.819,24.37,269.81,46.54,111.7973,22.09,243.58,172.89,52.55,392.71,91.91,10.94,290.1,56.83,218.51,163.2033,64.51,40.97
11/23/20,262.429993,143.020004,8.86,44.77,19.81,13.56,113.85,266.43,114.16,80.5,27.56,4.07,10.11,53.3,96.44,9.92,91.03,66.9,139.97,80.2725,50.38,25.095,86.378,26.06,271.4,49.94,114.8088,22.51,239.6833,174.14,53.67,402.49,94.79,10.97,286.27,58.15,216,173.95,63.68,41.3
11/24/20,270.869995,144.029999,9.45,46.459999,20.82,14.82,115.17,265.67,116.79,82.95,28.25,4.22,10.33,57.06,94.91,10.13,95.62,70.1,132.6,78.33,54.42,25.31,88.195,26.87,273.31,53.64,118.9484,22.82,241.6133,177.08,56.42,400.48,95.33,11.23,279.89,59.51,215.49,185.1267,65.47,42.03
11/25/20,265.329987,144.160004,9.08,45.459999,20.37,14.94,116.03,263.82,115.21,81.14,27.18,4.21,10.42,57.06,96.07,10.29,92.14,69.37,135.75,78.1375,53,25.311,88.2065,21.6,273.96,52.58,118.7381,23.21,242.1233,177.12,54.78,407.17,95.66,10.84,282.61,59.98,217.02,191.3333,65.26,41.97
11/27/20,264.049988,144.600006,9.09,45.060001,20.48,14.98,116.59,271.9,114.28,82.66,27.6,4.12,10.39,56.67,99.39,10.41,91.31,70.1,136.73,79.5525,51.43,25.437,89.351,21.75,275.99,50.77,118.8815,23.59,243.2733,176.89,55.07,416.77,95.54,11.45,285.73,60.85,225.42,195.2533,64.54,41.8
11/30/20,261.690002,144.229996,9.08,43.84,19.9,14.13,119.05,274.1,114.04,82.48,26.24,4.05,10.15,55.07,96.42,9.51,87.18,68.12,134.75,79.92,46.88,25.21,87.72,20.96,277.41,47.18,118.088,23.53,242.0167,172.73,53.7,417.08,96,11.2,287.18,59.37,227.5,189.2,62.98,43.04
12/1/20,263.25,146.070007,9.24,44.68,21.83,14.27,122.72,268.21,115,84.27,26.83,4.29,10.18,55.47,95.04,9.54,87.45,67.84,135.13,81.93,46.53,25.461,89.768,21.65,276.6,47.76,117.7438,23.31,244.55,170.52,54.93,415.71,99.11,10.94,288.78,60.15,230.02,194.92,63.49,44.86
12/2/20,258.279999,144.619995,9.2,44.580002,22.37,14.86,123.08,265.25,113.54,85.29,26.96,4.37,10.32,57.2,93.9,10.59,89.87,68.5,132.16,83.3,47.82,25.416,91.2485,20.92,271.1,49.11,119.1396,23.1,250.4267,171.85,55.1,419.6,97.36,10.99,284.48,60.2,224.72,189.6067,62.48,44.48
12/3/20,261.579987,144.449997,9.21,44.09,22.04,16.09,122.94,266.84,113.77,86.1,27.29,4.42,10.35,56.58,94.73,10.81,89.8,71.13,133.65,86.1575,48.17,25.31,91.092,21.2,268.14,51,118.174,22.94,252.9067,171.83,54.8,428.48,96.45,10.84,286.4,60.31,234.47,197.7933,63.19,44.12
12/4/20,258.410004,145.850006,9.34,44.400002,23.73,16.4,122.25,272.61,114.54,88.84,28.36,4.43,10.47,58.62,97.42,13.34,93.28,73.84,135.47,87.0075,53,25.66,91.188,21.47,263.99,54.39,121.6061,23.01,260.1133,172.46,56.42,437.15,97,10.23,286.45,61.02,236.88,199.68,64.2,44.97
12/7/20,257.149994,145.369995,9.22,44.310001,23.39,17.21,123.75,271.88,112.21,89.14,28.26,4.44,10.35,58.13,96.53,13.1,90.76,74.86,135.23,84.35,51.57,25.643,90.8515,21.27,262.64,52.53,119.2161,23.11,254.7967,170.15,55.94,437,95.62,9.73,283.79,59.26,239.17,213.92,65.72,44.3
12/8/20,257.450012,145.520004,9.25,43.799999,23.29,17.63,124.38,273.64,113.12,89.75,28.8,4.33,10.4,58.36,99.33,14.69,91.54,75.27,133.37,87.04,52.15,25.725,90.5665,21.49,261.72,52.75,120.1816,23.73,255.1167,172.46,56.54,440.01,94.27,9.96,280.85,60.31,238.76,216.6267,64.95,43.77
12/9/20,260.660004,145.690002,9.45,44.43,22.71,17.16,121.78,266.15,111.36,87.82,29.21,4.36,10.39,58.95,96.87,14,90.44,71.78,129.75,83.3475,52.96,25.611,88.893,21.81,265.58,54.09,121.2141,23.15,251.17,175.29,56.43,421.66,94.93,9.95,275.88,59.48,232.77,201.4933,65.02,43.82
12/10/20,261,144.669998,9.12,42.869999,24.01,17.99,123.24,267.93,110.65,87.89,28.86,4.68,10.43,60.5,96.98,15.08,93.35,71.13,129.66,86.7975,54.68,25.641,88.3825,21.63,264.81,57.3,119.4646,23.5,252.69,173.49,57.11,426.99,94.87,9.8,275.6,59.17,234.17,209.0233,64.03,44.44
12/11/20,260.540009,144.970001,9.02,41.919998,22.84,17.05,122.41,258.45,109.58,88.3,28.74,4.68,10.38,58.93,97.87,14.63,92.45,69.9,130.27,86.9275,53.6,25.535,88.74,20.85,264.55,56.63,118.805,23.63,253.3333,174.02,56.64,423.89,93.86,9.87,275.62,59.76,236.39,203.33,64.25,44.25
12/14/20,262.809998,144.229996,8.91,41.619999,21.76,16.7,121.78,267.62,109.69,88.5,29.71,4.63,10.29,58.74,98.75,13.86,89.44,71.81,128.09,88.3975,52.08,25.609,87.613,20.34,265.58,53.9,118.0975,23.94,254.93,173.08,55.66,425.98,94.53,9.9,274.17,59.23,238.86,213.2767,63.24,44.61
12/15/20,265.929993,144.770004,9.15,41.66,22.17,17.01,127.88,275.36,111.7,88.47,30.84,4.72,10.46,59.67,98.21,13.99,89.37,75.24,128.8,88.5525,53.16,25.917,88.054,20.69,267.98,56.4,120.392,25.06,256.1633,174.68,56.57,425.3,96.07,9.99,276.29,60.53,242.74,211.0833,65.87,45.68
12/16/20,267.079987,144.889999,9.04,41.419998,21.58,16.86,127.81,274.14,111.2,88.55,31.78,4.82,10.39,59.75,97.11,14.17,88.69,75.84,129.58,88.0875,52.7,25.964,87.8595,20.33,269.59,56.62,120.0287,25.06,255.3533,175.41,56.44,423.29,96.39,9.73,275.76,61.77,248.1,207.59,66.49,45.53
12/17/20,268.579987,145.710007,9.08,42.029999,22.18,16.8,128.7,281.99,112.82,87.5,32.13,4.87,10.42,60.05,97.39,14.2,88.41,77.06,133.93,89.4775,52.15,26.13,87.0255,20.75,273.97,56.67,120.0287,25.56,259.9267,176.65,55.45,441.8,97,9.71,282.04,62.91,250.29,218.6333,65.95,47.49
12/18/20,272.549988,146.929993,8.95,41.009998,22.01,16.51,126.66,293.39,113.75,86.09,32.54,4.77,10.3,59.06,97.65,14.01,87.19,75.44,134.02,89.6425,51.77,25.424,86.311,20.21,270.45,55.95,120.3155,25.91,263.03,176.42,53.93,439.84,99.22,9.8,276.93,62.75,255,231.6667,64.02,46.43
12/21/20,266.600006,145.399994,8.93,41.209999,22.11,16.1,128.23,295.81,112.79,86.41,32.47,4.61,10.28,61.23,98.82,13.22,86.09,73.83,134.65,87.2125,50.08,25.269,86.728,20.4,270.99,54.29,117.9637,26.36,263.09,175.66,54.14,445.59,98.77,9.9,274.92,63.79,254.24,216.62,62.65,46.19
12/22/20,264,144.020004,8.79,40.900002,21.61,15.48,131.88,302.33,112.39,85.64,32.61,4.75,10.21,59.26,108.42,13.29,84.36,74.31,138.54,88.5575,48.85,25.31,86.011,20.07,270.04,52.09,118.174,27.32,271.75,174.78,53.09,465.13,100.59,9.79,275.92,63.1,258.05,213.4467,62.67,47.14
12/23/20,269.019989,144.410004,8.99,42.450001,22.22,15.89,130.96,304.05,112.76,84.03,32.67,4.7,10.21,60.78,110.16,14.08,85.69,76.68,136.79,88.9975,50.08,25.35,86.4115,20.7,269.81,54.2,118.4512,27.76,269.8833,173.99,52.57,464.37,99.56,9.75,272.98,64.41,254.7,215.3267,62.36,47.76
12/24/20,266,145.059998,8.86,41.580002,21.96,15.66,131.97,303.41,113.03,85.33,32.65,4.63,10.23,60.57,110.06,13.76,85.33,75.84,137.43,88.755,49.6,25.355,86.708,20.43,270.92,53.54,119.2065,27.71,269,174.52,52.44,462.13,98.73,9.745,275.02,64.1,256.28,220.59,63.52,47.32
12/28/20,269.269989,146.910004,8.89,41.66,22.24,16.06,136.69,312.91,114.52,84.87,32.95,4.75,10.37,61.13,106.67,13.37,84.9,73.64,138.61,90.5775,48.94,25.437,88.698,20.31,269.25,52.83,119.3308,27.93,268.3867,174.71,52.11,463.59,97.9,9.425,276.25,63.53,256.16,221.23,62.97,47.92
12/29/20,265.269989,147.419998,8.82,41.57,22.04,15.86,134.87,320.93,113.54,84.27,31.87,4.77,10.33,60.91,107.06,12.9,84.61,73.37,138,89.225,48.67,25.375,87.888,20.08,266.19,52.57,118.3556,27.66,271.3567,173.85,52.08,447.59,95.71,9.67,276,64.27,253.82,221.9967,63.18,48.17
12/30/20,266.5,147.309998,8.86,41.84,22.95,16.15,133.72,323.92,114.94,86.98,32.02,4.65,10.19,60.86,105.4,13.6,85.33,73.69,138.35,90.6925,50.56,25.484,86.8125,20.48,265.26,53.77,118.8719,28.29,271.7667,174.11,52.94,447.91,96.8,9.66,274.56,65.82,256.91,231.5933,63.8,48.38
12/31/20,266.269989,148.300003,8.79,41.639999,23.05,15.77,132.69,324.2,116.38,86.3,31.68,4.61,10.2,61.66,106.56,13.16,84.45,74.27,139.51,92.43,49.87,25.605,87.632,20.19,265.62,52.79,120.3442,28.24,272.7,174.79,53.19,452.25,95.28,9.67,282.13,65.12,259.24,235.2233,64.62,48.05
1/4/21,267.140015,144.270004,8.52,40.509998,23.25,15.13,129.41,316.73,114.48,86.87,30.66,4.42,10.11,60.14,102.53,13.19,84.71,71.6,135.29,89.435,49.86,25.342,86.3065,19.22,263.92,52.8,118.4895,28.68,266.6667,171.87,52.51,427.73,95.71,9.47,275.63,67.27,254.7,243.2567,61.6,47.22
1/5/21,268.809998,144.699997,8.65,41.66,23.67,15.43,131.01,322.6,114.7,89.6,31.77,4.44,9.96,61.7,101.12,14.46,87,74.77,132.96,92.1875,53.92,25.603,87.0025,19.75,266.05,56.54,120.5927,29.29,268.35,171.58,54.07,426.88,98.26,9.51,272.58,68.16,258.89,245.0367,61.96,48.02
1/6/21,270.470001,142.929993,8.84,42.98,25.21,15.52,126.6,321.61,117.31,90.83,34.03,4.52,10.06,65.25,99.35,14.28,89.8,76.24,132.11,93.98,55.06,25.902,86.144,21.41,267.57,59.73,123.6042,31.4,264.2633,174.19,57.02,413.89,105.76,9.7,264.64,68.95,249.7,251.9933,64.58,48.5
1/7/21,270.040009,142.470001,9.06,43.32,25.23,15.38,130.92,323.56,120.4,94.56,34.63,4.59,10.12,66.02,103.72,14.44,90.22,78.06,133.61,96.79,58.62,26.259,88.717,21.5,266.26,61.16,123.3174,33.41,269.4033,169.72,56.19,431.74,105.42,9.54,265.25,71.18,258.84,272.0133,63.3,48.43
1/8/21,272.420013,144.179993,9,43.060001,24.99,15.13,132.05,324.06,119.98,95.56,34.73,4.54,10.09,65.37,105.72,14.8,91.08,78.8,133.6,97.0225,58.87,26.349,89.8915,21.42,269.09,60.25,122.8776,33.16,272.9167,166.62,56.02,441.13,104.86,9.66,267.82,71.44,262.8,293.34,62.68,48.24
1/11/21,267.390015,142.089996,9.3,45.009998,24.56,15,128.98,324.59,120.33,97.96,35.31,4.39,9.96,66.44,102.16,14.5,91.6,78.27,131.27,92.66,59.61,26.435,87.8145,22.39,271.23,60.94,122.9254,32.04,271.2167,165.2,56.8,427.16,106.74,9.61,260.36,70.66,260.43,270.3967,61.18,47.25
1/12/21,267.779999,141.429993,9.78,47.82,25.08,15.38,128.8,324.67,119.88,100.01,35.98,4.4,10.43,66.67,101.77,15.88,93.34,79.08,131.51,90.0425,62.44,26.547,86.8715,23.3,276.33,63.84,123.5277,32.43,262.81,166.51,58.1,420.8,110.22,9.59,261.21,71.81,258.58,283.1467,61.09,48.71
1/13/21,262.109985,142.589996,9.78,48.73,24.44,15.53,130.89,323.71,117.01,98.05,37.01,4.44,10.44,66.86,99.4,15.59,93.25,76.52,133.15,90.6375,60.47,26.533,87.3625,22.23,274.05,62.1,121.3384,32.59,270.4833,166.28,56.71,415.55,107.66,9.36,265.42,70.24,257.14,284.8033,63.81,50.18
1/14/21,258.570007,141.759995,10.17,51.529999,25.09,16.44,128.91,318.31,116.28,105.8,37.48,4.69,10.47,69.01,100.9,16.66,95.49,78.16,133.45,88.02,62.24,26.81,86.546,22.39,268.34,63.78,123.2983,32.3,265.7133,166.41,56.68,412.99,106.88,9.45,264.12,71,257.91,281.6667,63.56,51.68
1/15/21,255.179993,141.389999,9.83,49.970001,23.28,15.76,127.14,329.69,114.41,103.14,36.79,4.42,10.49,64.23,101.24,15.5,92.09,80,136.48,88.55,59.19,26.47,86.381,22.06,275.59,61.04,122.7438,30.56,259.4733,165.55,55.47,399,107.92,9.6,269.1,69.11,258.92,275.3867,64.25,50.83
1/19/21,255.559998,142.059998,10.02,54.84,23.09,15.97,127.83,336.3,114.71,109.22,37.8,4.42,10.51,63.69,101.96,15.68,94.51,80.67,137.99,89.41,60.48,26.647,89.2235,21.81,273.19,62.14,123.3461,31.4,259.47,169.12,55.88,397.33,113.21,9.475,269.14,70.9,268.2,281.5167,61,52.08
1/20/21,256.209991,141.330002,10.86,55.860001,22.84,16.17,132.03,347.87,114.19,107.84,38.51,4.22,10.61,63.25,106.6,14.85,95.38,80.05,140.72,91.03,60.2,26.916,94.0035,22.22,274.3,62.26,124.3595,31.28,266.19,170.22,55.76,408.77,117,9.44,272.54,70.27,273.43,283.4833,62.13,51.55
1/21/21,257.5,139.610001,11.53,55.080002,20.01,15.83,136.87,348.56,115.04,107.97,37.13,4.32,10.65,61.87,103.6,13.57,92.01,80.72,141.22,91.875,55.03,26.83,94.2075,22.61,279.05,60.71,125.8604,32.66,266.2233,170.67,54.42,404.53,117.74,9.45,272.69,70.41,272.87,281.6633,61.85,52.59
1/22/21,262.339996,138.589996,11.52,55.400002,19.4,15.82,139.07,347.9,113.61,106.33,37.88,4.16,10.58,61.33,105.14,13.35,91.73,79.53,140.46,92.53,54.86,26.93,94.628,22.59,284,59.93,113.3939,32.9,248.0267,169.04,54.78,409.8,118.73,9.49,272.71,71.02,270.14,282.2133,63.07,55.52
1/25/21,267.23999,140.179993,11.29,53.389999,19.34,15.43,142.92,348.32,112.09,108.12,37.62,4.1,10.61,60.56,101.21,13.25,90.9,78.4,142.63,94.0975,55.2,27.119,94.714,22.22,285.08,58.05,113.3652,32.48,250.67,170.39,54.52,410.22,119.5,9.39,276.53,69.79,269.63,293.6,62.56,53.96
1/26/21,275.279999,141.800003,11.19,52.040001,18.56,15.53,143.16,340.89,111.26,105.53,36.92,4,10.63,60.91,97.41,13.04,89.36,74.36,145.85,90.355,53.49,26.84,95.3975,21.82,282.6,57.19,117.1032,32.16,256.55,175.95,52.8,392.19,123.68,9.54,277.48,69.75,266.09,294.3633,61.79,57.46
1/27/21,272.869995,138.039993,10.79,49.34,18.66,16.56,142.06,328.6,112.15,98.58,36.28,4.15,10.42,59.4,94.35,14.01,88.2,66.87,149.17,87.41,55.01,26.481,90.947,19.54,274.05,55.97,117.0841,30.14,252.91,186.65,51.33,376.46,117.37,9.36,271.7,67.4,254.53,288.0533,59.79,57.44
1/28/21,267.649994,139.190002,10.72,51.040001,18.5,18.1,137.09,355.13,110.48,101.15,35.73,4.17,10.53,60.34,95.64,14.45,89.02,73.74,144.87,91.7225,53.72,26.602,92.66,20.62,278.05,55.9,114.7992,30.82,255.12,183.42,50.33,386.79,117.65,10.17,269.86,69.15,259.16,278.4767,61.78,56.49
1/29/21,266.859985,136.570007,10.53,50.68,18,17.17,131.96,348.25,107.01,96.68,35.1,3.96,10.29,57.99,92.91,13.84,85.2,70.39,143.95,93.7125,50.96,25.97,91.368,20.25,270.82,53.98,113.8719,29.8,249.2133,175.66,48.73,379.74,116.67,9.9,268.67,66.41,255.45,264.51,60.6,56.33
2/1/21,268.820007,136.979996,10.83,51.509998,18.82,16.84,134.14,341.86,110.32,101.21,35.49,4.09,10.29,58.43,96.12,14.25,86.41,70.8,148.21,95.655,51.33,26.242,94.6535,20.14,270.07,54.5,115.239,30.47,248.7033,174.7,49.02,396.45,114.26,9.66,278.27,68.87,263.57,279.9367,62.51,57.58
2/2/21,269.73999,138.380005,10.86,52.720001,19.11,16.59,134.99,347.84,110.89,103.59,35.93,4.14,10.59,59.58,98.6,14.36,87.06,76,148.61,98.6575,51.26,26.505,95.956,20.75,272.16,54.48,114.1874,30.8,252.6133,175.02,50.47,412.07,115.48,9.91,281.9,68.13,269.76,290.93,62.17,57.16
2/3/21,267.899994,138.020004,11.2,54.25,19.9,17.6,133.94,326.23,111.43,99.87,35.9,3.92,10.56,61.1,98.91,15.36,88.96,76.75,147.32,97.9225,55.88,26.481,102.944,21.36,274.17,58.36,113.8815,31.35,248.4667,175.48,51.66,415.47,118.44,10.07,272.12,67.89,265.21,284.8967,62.09,56.51
2/4/21,271.850006,139.679993,11.37,54.130001,20.36,17.4,137.39,324.78,111.87,103.24,36.56,4.21,10.75,62.41,102,15.47,89,79.48,145.05,100.8125,57.47,26.83,102.6815,22.15,278.82,57.87,115.6979,30.95,252.35,177.1,52.02,428.16,119,10.26,274.24,69.52,270.09,283.33,63.91,56
2/5/21,273.649994,140.960007,11.51,54.41,20.95,17.19,136.76,327.85,113.79,100.71,36.94,4.22,10.8,62.58,101.84,16.64,89.26,82.88,145.56,102.7575,56.61,26.882,104.4415,22.65,278.86,56.94,116.434,31.18,254.0833,179.01,52.98,434.22,118.57,10.435,273.86,71.46,272.92,284.0767,64.02,49.23
2/8/21,277.799988,140.399994,11.56,56.880001,21.8,17.77,136.91,325.86,117.03,106.19,37.81,4.24,10.85,63.65,102,19.14,91.48,82.85,146.37,100.825,59.41,27.12,104.226,22.27,280.03,60.38,118.174,31.49,256.6633,180.76,53.7,429.48,122.08,10.48,267.01,71.23,276.48,287.8067,63.21,47.42
2/9/21,283.200012,139.600006,11.93,56.060001,21.76,17.44,136.01,324.48,116.72,105.38,37.8,4.21,10.8,63.12,104.73,20.08,90.96,81.57,148.24,100.2575,58.22,27.178,103.7695,21.91,276.77,58.45,116.7304,31.21,259.7833,180.94,54.68,433.02,121.7,10.9,266.66,71.06,278.16,283.1533,63.23,47.24
2/10/21,279.779999,137.699997,11.76,54.880001,21.56,17.41,135.39,324.51,117.91,105.88,37.6,4.16,10.78,63.62,91.01,22.19,92.52,79.61,147.53,99.86,60.21,27.298,104.324,22.49,278.69,59.7,116.8642,30.79,262.6967,181.08,54.96,425.7,123.4,11.03,266.02,71.5,276.87,268.2733,64.93,46.68
2/11/21,279.679993,134.970001,11.45,53.5,21.39,16.99,135.13,322.93,119.11,113,37.67,4.25,10.68,63.2,95.77,21.34,92.02,78.47,144.82,102.55,59.64,27.11,104.4375,23.27,277.06,57.92,115.5927,30.95,266.2767,177.21,54.85,407.32,124.48,11.08,265.02,70.65,286.7,270.5533,66.43,47.06
2/12/21,277.399994,133.869995,11.45,53.599998,21.66,17.27,135.37,328.36,118.26,116.7,37.51,4.16,10.72,63.63,97.71,23.18,92.55,80.24,140.06,103.14,61.02,27.295,104.7515,23.09,277.51,60,115.4876,30.32,269.27,178.7,56.34,412.98,122.18,10.973,263.94,72.46,292.09,272.04,67.51,46.41
2/16/21,273.730011,134.380005,11.54,53.459999,22.43,17.82,133.19,322.78,109.81,118.35,37.6,4.2,10.77,64.12,97.37,24.61,93.13,78.34,137.2,101.095,63.1,27.296,105.535,23.27,275.39,61.75,114.7897,29.98,263.9833,176.63,57.34,389.99,119.68,10.36,259.5,73.02,290.67,265.4067,67.17,46.5
2/17/21,271.769989,134.460007,11.48,52.889999,21.93,17.99,130.84,316.3,109.3,115.71,37.44,4.21,10.66,64.76,95.9,24.78,95.92,78.61,138.28,103.53,63.54,27.2,105.931,22.95,280.92,61.82,114.6941,29.48,260.02,176.65,57,391.75,118.11,10.68,259.56,74.33,283.76,266.05,67.29,47.49
2/18/21,268.600006,135.369995,11.43,52.16,21.12,17.71,129.71,322.08,108.31,113.43,36.73,4.27,10.38,63.48,96.19,22.27,95,79.27,137.94,102.71,60.57,27.11,105.2905,23.16,283.05,60.72,115.4206,27.95,255.8433,179.37,56.5,401.55,117.29,10.62,262.8,74.51,270.95,262.46,68.17,47.27
2/19/21,264.880005,132.509995,11.58,52.57,23.13,18.68,129.87,331.97,109.06,119.46,37.33,4.28,10.57,65.78,96.23,22.83,95.8,83.16,136.45,104.735,62.51,27.07,104.4405,24.15,279.64,63.58,113.7572,28.49,250.05,176.54,58.04,400.13,121.86,10.69,261.77,79.42,268.07,260.4333,68.39,46.81
2/22/21,261.359985,131.990005,11.7,51.98,24.8,20.44,126,322.75,108.99,115.23,38.13,4,10.69,65.52,93.3,24.69,98.39,84.71,137.6,103.015,66.1,26.727,102.713,24.69,275.85,65.41,115.5449,26.6,247.1333,176.12,59.87,380.74,120.83,10.76,259.7,81.53,254.69,238.1667,69.89,47.73
2/23/21,262.209991,132.779999,11.62,51.110001,24.9,20.66,125.86,321.69,108.79,116.14,38.56,3.9,10.76,66.74,92.28,24.46,99.63,85.77,137.3,101.695,67.85,26.767,103.006,24.65,267.24,68.26,115.4015,26.23,248.2367,176.17,60.86,377.36,122.95,10.78,248.79,79.27,253.21,232.9467,70.6,48.24
2/24/21,262.75,132.089996,12.27,52.900002,27.2,21.82,125.35,323.78,109.33,122.81,39.52,3.96,10.86,68.6,90.17,26.2,103.31,89.81,135.15,101.41,72.37,27.014,104.1905,25.95,259.97,68.8,117.7916,26.79,252.9033,177.63,63.03,386.97,126.11,10.9,250.51,78.48,260.68,247.34,73.6,49.81
2/25/21,263.309998,130,11.76,50.599998,25.56,20.86,120.99,320.47,107.59,113.93,37.64,3.84,10.44,67.41,86.78,25.65,102.35,85.14,134.37,98.8675,70.59,26.3,100.7975,25.23,255.25,66.96,117.0841,25.5,247.2633,178.76,61.51,368.31,121.36,11.09,256.52,75.08,244.09,227.4067,70.28,48.9
2/26/21,256.660004,129.190002,11.7,51.330002,24.55,20.94,121.26,324.55,108.78,118.19,37.4,3.66,10.26,65.88,89.66,25.57,100,93.44,134.73,99.445,64.56,26.183,101.0955,24.95,258.34,65.53,113.6998,25.85,245.6,175.06,59.82,374.24,117.76,11.03,255.13,71.33,245.21,225.1667,67.9,49.4
3/1/21,256.899994,130.619995,11.98,52.540001,25.99,21.18,127.79,324.26,111.7,122.25,39.29,3.58,10.48,69.54,92.92,27.09,102.05,94.06,132.96,99.1675,64.98,26.8,103.483,25.59,261.62,65.53,115.4302,26.83,253.07,176.41,61.52,386.95,124.35,10.9,247.94,74.89,254.17,239.4767,68.48,52.49
3/2/21,254.399994,131.070007,12.55,54.110001,27.5,21.44,125.12,325.31,112.79,117.5,38.27,3.7,10.27,68.91,89.63,26.26,102.44,92.98,131.12,97.9775,64.47,26.6,103.224,25.73,260.29,64.73,115.0382,25.97,250,177.11,61.81,380.21,122.89,10.81,246.33,76.14,247.87,228.8133,68.62,52.9
3/3/21,254.960007,129.139999,12.17,52.669998,30.83,22.17,122.06,307.6,112.15,115.44,38.25,3.73,10.18,70.38,85.52,31.05,103.59,95.56,125.66,92.175,66.99,26.2,100.5705,25.75,257.36,67.64,116.979,24.27,242.3833,178.06,62.3,363.08,122.81,10.52,239.16,76.99,236.93,217.7333,69.02,51.82
3/4/21,257.540009,128.830002,11.93,51.830002,28.59,21.24,120.13,295.63,110.4,108.24,37.6,3.79,9.99,69.81,82.82,33.7,104.5,90.82,129,89.0675,71.43,25.89,101.6965,25.38,250.93,70.79,114.8279,23.3,236.39,177.63,60.4,348.69,122.51,10.42,235.92,71.4,229.8,207.1467,69.73,52.58
3/5/21,271.73999,133.029999,12.27,53.75,28.99,20.45,121.42,301.22,113.31,113.45,38.39,3.92,10.08,70.23,84.28,38.23,109,93.31,132,91.0225,74.58,26.48,104.8535,27.31,253.52,75.04,117.4283,22.97,237.79,180.8,62.92,375.53,129.48,10.59,242.19,73.74,227.8,199.3167,70.26,54.5
3/8/21,278.519989,132.130005,12.65,54.98,28.47,21.47,116.36,285.92,116.49,105.68,40.09,3.81,10.26,72.22,80.95,36.9,109.75,95.07,132.18,88.015,74.59,26.56,100.375,28.88,259.03,73.78,119.3212,22.27,228.3,183.77,66.37,366.23,134.22,10.48,242.82,72.53,218.49,187.6667,72.23,56.75
3/9/21,282.570007,132.25,12.57,54.650002,29.94,21.6,121.09,296.8,114.44,114.22,40.1,3.76,10.32,70.99,85.37,36.92,109.5,93.78,135.08,90.735,73.61,26.52,102.018,28.99,264.96,70.5,118.7189,24.13,234.2667,181.18,65.86,379.26,133.77,10.3,247.97,72.97,228.4,224.5267,72.76,56.07
3/10/21,281.76001,133.580002,12.91,56.830002,31.98,21.75,119.98,296.28,115.95,112.68,41.74,3.92,10.45,73.75,85.29,38.73,111.37,98.39,135.35,89.0975,75.11,26.8,101.8095,30.15,266.24,70.89,122.2467,24.12,239.9367,184.51,67.46,377.74,133.39,10.31,249.84,75.14,228.84,222.6867,73.97,57.22
3/11/21,288.980011,133.220001,12.81,56.330002,32.16,22.15,121.96,304.37,115,117.19,41.73,4.06,10.68,73.31,88.06,39.26,111.19,100.75,134.85,91.695,75.31,27.46,105.027,29.85,268.85,73.19,121.5488,25.65,244,184.57,67.83,389.84,136.68,10.5,258.63,78.21,234.26,233.2,73.37,58.28
3/12/21,295.160004,133.039993,13.37,59.259998,31.51,23.37,121.03,303.55,117.29,114.29,42.56,4.03,10.58,75.18,87.15,39.7,111.56,100.62,134.19,89.4325,75,27.103,102.5,30.81,273.1,72.49,121.9981,25.45,244.6633,184.92,69.76,384.3,137.1,11.382,261.02,77.99,229.45,231.2433,74.12,57.21
3/15/21,302.640015,133.029999,13.2,57.939999,31.04,25.17,123.99,307.18,118.13,114.88,42.56,4.02,10.72,74.22,90.25,41.96,110.25,101.2,135.07,90.4825,74.36,27.37,102.722,32.25,278.54,71.48,122.9254,25.31,245.02,189.48,69.5,393.84,140.51,14.12,265.48,75.77,234.87,235.98,74.55,57.67
3/16/21,305.589996,134.009995,12.49,57.119999,29.52,24.47,125.57,308.69,121.33,118.5,41.11,3.93,10.65,73.33,88.21,40.48,107.64,95.8,135.68,88.6625,70.65,27.298,104.1945,31.16,282.08,69.01,122.6004,24.73,242.21,186.85,68.91,380.2,137.04,13.76,269.93,73.8,234.05,225.6267,72.91,57.72
3/17/21,309.200012,133.619995,12.69,60.049999,31.81,25.16,124.76,304.66,122.56,119.9,40.84,4.07,10.76,73.6,89.01,39.05,108.03,96.04,134.68,87.925,73.19,27.32,104.111,31.67,280.03,70.85,123.3556,24.05,241.5467,188.3,70.24,384.7,136.04,13,267.72,74.28,235.61,233.9367,73.69,56.57
3/18/21,303.970001,132.529999,12.49,59.27,31.19,24.7,120.53,298.86,121.98,114.28,40.12,4.25,10.61,73.84,82.71,32.8,104.12,90.6,134.16,84.7875,68.9,26.79,101.067,30.88,283.16,67.32,124.3403,22.74,233.1067,191,70.4,365.36,133.19,13.43,267.67,72.94,227.39,217.72,71.85,55.96
3/19/21,301.029999,134.5,12.83,59.82,31.14,24.97,119.99,299.81,119.92,114.86,39.75,4.18,10.55,73.01,82.98,37.58,103.38,89.32,133.51,86.1575,70.08,26.89,101.348,30.99,289.1,68.61,123.2314,23.34,235.83,188.71,71.32,372.53,135.38,13.6,266.07,72.14,227.86,218.29,70.72,57.12
3/22/21,296.730011,137.800003,12.85,58.099998,30.43,23.83,123.39,306.16,120.45,119.33,39.34,4.18,10.51,71.96,84.24,35.69,102.54,88.47,136.55,89.955,68.23,27.061,101.5345,30.2,288.94,68.5,124.8088,23.9,238.2433,189.47,69.55,378.75,136.09,13.73,274.1,72.08,234.43,223.3333,71,57.74
3/23/21,289.76001,139.460007,12.21,56.16,27.42,22.27,122.54,298.62,119.29,116.38,37.58,4.16,10.39,70.91,83.78,33.16,101.97,84.59,140,91.0425,69.65,26.88,102.0665,27.87,289.98,66.96,124.7228,23.45,236.94,188.33,67.51,373.89,129.48,12.72,274.14,68.17,235.13,220.72,70.99,56.37
3/24/21,282.359985,138.809998,12.14,55.810001,28.76,21.81,120.09,294.21,121.65,121.1,37.4,4.06,10.3,70.08,80.8,36.39,104.7,82.9,140.09,88.9325,72.54,26.65,101.6265,27.36,292.75,69.08,124.8757,22.4,237.0233,190.69,69.47,364.37,126.55,12.45,272.46,67.48,233.05,210.09,71.18,56.59
3/25/21,289.910004,139.630005,12.32,56.599998,29.66,22.77,120.59,294.14,123.48,119.72,38.5,4.03,10.4,71.72,80.96,36.3,105.07,86.94,138.36,87.0475,73.04,26.94,101.623,28.73,297.18,68.95,127.218,22.51,234.8333,193.1,72.82,363.05,130.34,12.4,272.36,65.82,231.67,213.4633,71.16,55.25
3/26/21,297.559998,142.699997,12.3,56.52,32.78,22.93,121.21,301.4,126.75,128.64,39.03,3.98,10.5,73.02,83.59,38.32,107.48,87.53,142.91,88.1825,74.88,27.39,101.2365,29.51,303.81,72.32,130.3824,22.96,243.5833,194.88,79.3,372.61,133.82,12.25,282.57,69.42,242.75,206.2367,73.39,55
3/29/21,302.700012,144.809998,12.15,55.939999,32.04,22.91,121.39,305.77,126.28,125.71,38.21,4.16,10.21,71.58,81.66,36.27,106.92,82.44,144.55,87.3425,73.64,27.49,102.2895,28.76,302.2,71.61,129.8853,22.41,241.3167,195.74,78.75,364.43,133.2,12.43,281.4,68.08,240.46,203.7633,71.68,56.09
3/30/21,295.220001,142.539993,12.46,58.509998,32.97,24.12,119.9,309.88,125.29,126.76,39.92,4.13,10.34,72.96,81.91,37.01,105.93,87.13,141.24,86.8,73.26,27.27,102.3235,30.11,304.82,71.04,128.7954,23.49,242.1633,194.64,80.39,360.19,135.55,12.05,276.24,68.09,239.6,211.8733,72.93,55.95
3/31/21,288.779999,141.449997,12.25,57.459999,32.49,23.9,122.15,318.73,125.62,133.6,40.88,4.09,10.46,72.75,84.27,38.55,104.79,87.45,140.84,89.8475,72.53,27.51,103.126,29.78,305.25,70.76,127.3996,24.3,246.3133,192.68,80.27,370.06,133.5,12.08,277.55,67.87,247.78,222.6433,71.63,54.26
4/1/21,289.170013,141.279999,12.17,57.799999,32.23,23.86,123,315.34,127.75,141.52,41.37,3.99,10.49,73.14,84.58,40.7,105.75,88.94,143.25,91.375,75.34,27.85,106.489,29.95,307.75,74.48,127.3709,24.18,249.2,192.7,79.88,376.75,134.93,12,281.18,69.41,254.23,220.5833,73.25,55.59
4/5/21,295.190002,143.160004,12.7,61.040001,31.55,24.23,125.9,321.5,130.03,143.05,40.82,3.97,10.53,72.75,87,37.88,104.51,90.18,145.77,92.04,71.79,28.14,110.948,30.26,315.4,70.76,129.9522,23.81,255.31,194.97,80.51,377.76,137.62,12.15,285.11,71.7,260.11,230.35,72.8,55.49
4/6/21,296.359985,143.669998,12.92,61.939999,31.31,24.06,126.21,323.62,131.5,139.54,40.59,4.06,10.45,72.6,86.56,37.92,103.58,92.5,144.67,93.25,72.3,28.15,110.463,30.76,313.78,71.48,128.3174,23.81,255.6167,194.84,79.84,377.98,136.65,11.89,285.46,71.4,257.36,230.54,74.16,56.05
4/7/21,295.799988,143.410004,12.73,60.830002,31.52,23.93,127.9,320.62,131.36,139.14,39.46,3.98,10.5,72.69,86.51,38.94,104.19,92.59,142.9,92.35,73.3,28.219,111.9515,30.7,312.47,73.01,128.9962,23.14,253.6733,194.95,79.81,372,137.61,11.97,284.19,70.84,257,223.6567,75.2,56.5
4/8/21,300,142.539993,12.51,60.09,31.45,23.65,130.36,329.75,130.85,139.35,35.29,4.1,10.63,72.33,89.4,36.91,103.02,96.15,141.88,94.595,72.19,27.99,112.5215,31.41,314.43,73.43,129.1778,23.44,256.7833,195.72,79.6,379.04,137.78,12.08,279.64,72.47,261.01,227.9333,75.62,56.09
4/9/21,303.149994,142.570007,12.51,60.16,31.36,23.54,133,333.81,131.69,138.91,36.55,3.95,10.66,72.42,89.66,35.21,102.92,96.33,141.26,95.7225,71.77,28.178,113.5335,32.44,319.23,73.8,129.761,23.47,261.4933,198,80.29,381.23,138.32,12.06,275.69,70.98,261.85,225.6733,75.11,58.36
4/12/21,300.329987,143.020004,12.38,59.66,31.77,22.91,131.24,333.11,131.61,135,36.66,3.98,10.72,72.69,90.83,34.4,101.78,94.33,143.52,96.7875,70.1,28.2,112.231,32.76,320.79,72.95,128.6711,23,259.7533,197.83,80.53,381.01,141.43,12.17,280.49,70.39,258.05,233.9933,75.39,56.8
4/13/21,298.230011,143.050003,12.2,58.490002,31.24,22.56,134.43,329.97,129.34,135.1,36.02,4.02,10.83,72.06,92.63,34.14,102.24,95.73,146.19,97.025,70.4,28.35,112.7215,32.26,320.4,70.53,125.4111,23.47,264.8233,196.47,78.28,389.71,143.03,12.09,282.13,70.92,261.93,254.1067,75.79,56.35
4/14/21,299.899994,142.110001,12.24,58.48,33.39,22.37,132.03,330.6,130.24,134.14,36.21,4.05,10.74,72.91,91.75,37.03,104.27,93.27,143.62,97.775,74.12,28.274,112.0955,32.26,320.02,72.31,126.7973,23.39,261.9433,196.75,79.06,386.45,144.96,12.65,281.03,73.43,258.59,244.0767,75.09,56.23
4/15/21,302.73999,142.309998,12.24,58.610001,32.84,22.13,134.5,337.59,130.53,134.41,35.71,4.04,10.74,72.54,95.03,36.16,103.42,93.16,147.24,99.8725,72.83,28.685,114.2625,32.97,322.74,70.57,126.7495,23.05,268.24,197.48,78.9,398.18,142.99,12.69,288.44,74.87,262.13,246.2833,76.25,56.74
4/16/21,306.799988,144.160004,12.23,58.709999,35.63,22.03,134.16,330.53,133.01,133.73,36.16,4.13,10.79,72.45,93.94,34.36,102.96,93.64,145.96,100.01,70.51,28.79,114.1375,32.69,328.08,69.34,127.7151,23.82,270.8567,198.58,79.5,398.47,145.02,12.5,288.33,76.2,260.77,246.5933,75.69,56.36
4/19/21,311.320007,144.75,12.11,57.880001,36.03,21.55,134.84,329.42,132.34,130.89,36.06,3.74,10.73,72.13,92.14,35,103.26,88.75,147.76,98.26,71.29,28.61,114.488,32.41,326.85,69.4,127.2658,23.24,270.3967,198.59,79.44,393.18,144.51,12.6,288.09,74.51,250.64,238.21,74.88,56.74
4/20/21,306.73999,145.710007,11.45,55.77,32.98,20.37,133.11,330.1,132.45,128.59,34.71,3.75,10.62,69.79,91.05,33.98,101.33,89.88,150.94,97.2275,68.57,28.426,113.9505,31.78,323.96,67.73,132.0841,23.03,270.37,198.3,78.49,382.42,143,12.2,292.02,71.39,250.17,239.6633,76.12,56.58
4/21/21,312.970001,146.979996,11.73,57.490002,34.26,21.01,133.5,342.64,133.09,135.05,35.5,3.77,10.72,70.65,92.98,34.53,102.73,94.28,150.82,100.405,68.96,28.617,113.9175,32.81,325.95,68.02,137.2371,23.48,297.1267,200.88,80.18,388.25,144.7,11.74,291.35,72.07,252.56,248.04,76.36,56.94
4/22/21,314.51001,146.070007,11.94,56.66,33.21,20.07,131.94,343.4,135.49,131.75,35.39,3.73,10.66,69.81,93.55,33.5,100.95,94.12,149.05,102.595,68.35,28.46,112.626,33.24,321.46,67.02,135.0669,24.05,286.5533,200.9,76.09,390.02,145.09,12.51,294.57,69.12,248.21,239.8967,75.63,56.22
4/23/21,315.01001,145.830002,12.22,57.529999,34.71,21.11,134.32,351.03,138.35,134.86,36.14,3.82,10.8,71.38,94.22,33.78,101.55,95.74,149.04,103.75,69.06,28.735,114.9965,34.01,323.89,67.29,136.1664,24.5,291.8433,202.2,77.83,399.59,146.45,12.39,296.49,71.64,251.45,243.1333,75.44,54.23
4/26/21,310.220001,143.360001,12.27,58.209999,36.8,22.04,134.72,348.2,136.25,137.3,35.91,3.78,10.77,72.2,94.63,35.93,101.52,96.98,148.23,104.6925,69.83,28.824,115.4965,33.47,319.99,68.15,135.3442,24.62,288.6467,199.63,80.6,400.96,144.92,12.834,296.78,72.89,256.88,246.0667,75.89,55.62
4/27/21,303.809998,142.889999,12.49,58.970001,36.75,21.76,134.39,340.63,137.65,136.78,35.82,3.81,10.87,72.99,96.15,36.89,102.7,101.77,147.93,105.425,71.68,28.85,114.549,34.4,320.59,70.45,135.7648,24.54,287.1267,194.45,80.69,400.24,143.25,13.07,294.78,72.98,251.7,234.9133,76.47,55.75
4/28/21,297.140015,141.830002,12.43,58.549999,36.49,21.7,133.58,351.17,136.5,135.69,35.5,3.96,10.94,72.91,98.23,39.25,105.22,102.6,147.17,106.4425,74.98,28.82,117.952,34.26,319.71,75.94,136.7113,24.04,289.5967,195.93,81.58,401.1,137.75,13.26,297.88,73.02,251.37,231.4667,75.52,55.55
4/29/21,297.790009,143.940002,11.26,56.57,37.17,21.3,133.48,322.94,137.22,135.39,35.5,3.95,10.88,73.84,97.14,39.11,106.9,99.47,149.04,105.425,75.93,28.89,119.638,33.85,325.34,76.74,137.8967,23.67,287.74,199.05,82.41,394.24,137.52,13.36,298.08,72.01,252.51,225.6667,76.08,55.68
4/30/21,293.25,144.160004,11.54,57.220001,36.64,21.72,131.46,320.73,134.38,132.71,35.13,3.96,10.78,71.24,94.48,37.39,103.07,97.84,154.31,96.525,73.64,28.645,117.675,33.1,323.67,74.51,135.6405,23.24,288.3333,197.14,82.26,384.41,140.03,12.71,299.72,69.41,247.06,236.48,75.03,55.11
5/3/21,297.709991,145.789993,11.63,57.150002,37.61,21.95,132.54,308.64,136.07,132.85,36.06,3.95,10.84,71.71,93.07,37.87,105.53,96.91,151.67,95.1425,75.97,28.83,117.154,35.47,330.27,76.95,138.3843,22.91,289.1833,198.61,85.7,378.9,142.72,12.72,298.66,69.58,244.81,228.3,76.49,55.89
5/4/21,288.399994,143.960007,11.41,55.34,39.07,21.42,127.85,305,137.41,128.72,36.19,3.84,10.65,72.33,89.77,37.32,106.11,95.53,153.01,92.855,75.01,28.64,115.3415,35.22,332.77,77.16,139.3403,21.97,282.9967,199.38,89.66,354.3,142.28,12.65,296.9,69.64,237.07,224.5333,74.91,54.34
5/5/21,286.109985,143.889999,11.61,57.580002,40.6,21.57,128.1,300.79,136.24,130.29,36.22,3.89,10.61,73.71,89.1,40,108.96,102.98,150.16,91.485,76.71,28.76,115.7385,34.37,332.05,80.95,138.8336,21.94,279.4667,201.44,92.83,341.09,141,12.7,294.21,72.54,237.46,223.6467,72.65,54.21
5/6/21,287.690002,145.559998,11.74,58.720001,39.89,21.49,129.74,295.72,140.16,131.73,36.34,3.95,10.61,74.78,88.81,39.59,109.02,102.22,149.53,89.335,76.98,28.8,116.8675,34.73,337.58,81.29,141.8929,21.65,280.82,202.41,95.69,327.15,143.57,12.11,291.55,72.82,237.46,221.18,73.51,54.96
5/7/21,288.049988,145.559998,11.82,58.990002,41.2,22,130.21,296.81,141.25,132.95,36.6,3.97,10.69,75.08,87.4,41.12,110.02,105.75,151.18,89.685,83.1,29.22,117.5965,35.44,339.25,82.53,139.0631,22.04,285.6967,203.07,98.76,327.58,144.52,12.22,290.91,76.87,241.84,224.1233,74.7,54.87
5/10/21,290.589996,146.720001,11.71,57.41,41.04,22,126.85,282.72,142.55,124.69,37.1,3.97,10.48,75.13,83.93,39.79,109.57,104.68,151.03,85.6725,84.55,29.04,114.5875,35.66,341.12,82.56,139.7419,21.38,278.2633,207.33,101.3,317.2,141.26,12.13,292.06,80.45,232.39,209.68,74.31,54.59
5/11/21,292.350006,145.649994,11.58,55.73,41.32,21.57,125.91,280.3,139.74,123.55,37.19,4.04,9.91,74.87,86.81,37.82,106.7,100.77,148.65,87,82.14,28.86,113.503,35.29,330.66,81.15,137.8776,21.43,278.9167,203.72,101.98,321.29,141.3,11.79,291.45,81.41,234.82,205.7333,73.09,54.05
5/12/21,310.399994,144.229996,11.33,53.759998,39.51,20.76,122.77,272.25,135.39,114.88,36.11,3.93,9.84,74.23,83.9,37.26,107.37,92.41,147.12,83.37,81.36,28.25,110.0125,32.46,317,81.14,135.086,20.71,270.5967,198.87,95.99,305.49,131.41,11.619,284.25,78.7,228.54,196.63,71.04,52.81
5/13/21,327.76001,146.369995,11.55,54.599998,39.13,21.21,124.97,262.71,139.21,119.92,37.76,4.03,10.09,75.29,85.1,33.97,106.68,94.37,148.94,80.99,79.58,28.63,111.452,33.5,325.42,79.46,137.8298,20.79,273.53,203.41,100.8,308.93,134.42,11.35,283.17,77.15,230.86,190.5633,72.08,52.81
5/14/21,330.660004,146.589996,11.84,56,39.7,22.4,127.45,268.56,140.25,124.83,39.35,4.1,10.15,76.56,88.31,36.71,109.47,98.61,148.88,83.3125,82.6,29.04,113.919,35.71,323.63,84.33,138.3174,21.6,277.7933,204.38,102.51,326.31,134.41,11.9,288.62,76.3,239.7,196.58,73.22,53.69
5/17/21,336.190002,146.169998,12.15,56.040001,40.68,23.35,126.27,267.95,138.93,123.57,38.65,4.09,10.14,77.42,87.84,38.33,110.81,100.37,148.22,81.35,85.1,29.06,114.446,36.33,320.01,86.42,138.7285,21.4,272.3367,205.11,106.32,322.2,132.6,12.15,288.5,78.35,236,192.2767,73.12,53.9
5/18/21,335.200012,145.509995,12.14,55.889999,39.84,23.56,124.85,272.97,137.19,121.81,37.71,4.08,10.21,76.62,88.2,38.03,106.18,100.15,149.91,82.5275,82.97,28.87,113.1235,34.98,316.75,84.79,137.5813,21.8,271.54,203.03,103.47,321.95,130.8,12.03,291.33,76.56,235.03,192.6233,73.13,52.97
5/19/21,342.609985,145.429993,12.11,55.529999,36.17,22.97,124.69,273.98,137.66,124.8,37.37,4.14,10.22,76.46,87.09,36.26,103.2,96.5,150.01,83.0725,80.54,28.75,113.575,33.94,314.45,82.73,136.8929,21.97,272.32,202.6,101.53,319.95,131.08,11.74,288.39,71,237.36,187.82,72.82,52.69
5/20/21,352.910004,147.229996,12.49,55.509998,35.82,22.6,127.31,276.39,137.63,130.31,37.64,4.2,10.29,76.2,89.14,36.65,103.56,100.59,151.25,86.075,80.52,29.03,115.3475,32.58,315.9,81.96,137.5526,22.53,277.5533,201.65,101.13,331.82,129.14,11.97,293.11,70.92,244.71,195.5933,73.44,54.63
5/21/21,353.51001,147.100006,13.33,56.720001,36.14,22.57,125.43,280,137.51,128.66,37.81,4.19,10.3,77.65,87.83,36.68,104.12,100.21,150.9,85.5225,80.07,29.05,114.7065,32.54,315.77,81.94,138.3748,22.58,274.9967,201.86,102.13,330.24,129,11.91,290.93,69.44,242,193.6267,73.28,57.55
5/24/21,367.399994,147.850006,13.06,56.599998,36.5,22.99,127.1,279.58,138.73,134.58,37.62,4.2,10.41,78.03,89.3,38.22,105.6,105.08,151.22,88.8475,80.14,29.19,118.052,32.78,314.84,84.19,138.3556,22.62,278.3067,202.61,103.36,336.44,128.89,11.75,296.54,68.05,248.58,202.1467,74.66,57.92
5/25/21,382.23999,148.300003,12.81,56.759998,35.15,23.21,126.9,283.88,139.24,137.5,37.15,4.16,10.24,77.28,88.37,36.87,103.87,107.06,152.44,88.3125,78.68,29.05,118.1435,32.66,316.75,82.43,137.4665,22.56,282.0033,201.71,100.05,330,130.14,11.72,298.74,66.99,255.83,201.5633,74.83,57.28
5/26/21,391.940002,148.300003,13.9,58.080002,36.55,23.9,126.85,282.27,139.07,136.9,37.76,4.24,10.4,77.52,89.63,37.86,104.12,106.6,150.96,88.6725,79.6,29.1,119.0155,34.02,317.33,84,137.0746,22.83,279.7933,201.58,100.85,335.53,131.08,11.81,298.48,67.25,254.28,206.3767,74.99,56.88
5/27/21,401.630005,146.509995,14.88,59.77,39.01,24.43,125.28,285.85,140.18,137.82,38.08,4.31,10.34,78.76,89.58,39.12,103.01,107.93,150.17,90.4775,80.33,29.22,118.134,35.15,318.77,85.19,137.4952,22.81,278.12,203.24,101.05,330.97,132.1,11.393,297.14,69.19,254.62,210.2833,74.1,56.67
5/28/21,404.920013,147.940002,14.53,59.310001,39.67,24.24,124.61,284.58,140.48,138.13,38.01,4.35,10.29,78.71,89.46,38.47,103.79,107.45,151.56,92.3475,80.34,29.24,117.8425,33.45,318.91,83.82,137.4187,22.92,280.7267,203.04,102.54,329.6,131.22,11.538,298.12,69.74,254.34,208.4067,74.77,55.84
6/1/21,418.51001,147.630005,14.81,59.650002,40.98,24.67,124.28,279.7,139.36,138.21,38.77,4.46,10.36,79.76,88.54,43.14,106.65,109.55,153.15,91.4175,84.59,29.32,119.059,33.12,316.31,87.77,137.849,22.87,278.68,203.2,110.74,325.47,133.6,11.465,302.27,71.67,253.82,207.9667,76.7,55.66
6/2/21,417.799988,148.220001,14.91,59.650002,40,25.82,125.06,280.28,138.34,139.01,38.07,4.73,10.43,79.86,87.03,48.26,108.08,109.7,154.76,92.7475,85.27,29.31,118.5295,32.49,313.23,88.4,139.3117,22.5,273.8467,203.29,105.03,324.81,128.04,11.43,309.61,71.86,253.05,201.7067,77.82,56.01
6/3/21,432.630005,147.669998,15.99,63.459999,38.72,24.93,123.54,283.85,137.94,136.38,38.14,4.6,10.46,79.63,84.74,47.03,107.59,109.57,155.43,94.185,86.81,29.27,117.379,31.62,311.43,87.5,139.1491,22.09,272.2167,203.67,107.07,319.41,125.07,11.42,309.43,69.4,250.59,190.9467,76.71,56.77
6/4/21,429.230011,147.839996,15.97,63.369999,38.84,24.3,125.89,289.51,138.83,139.85,38.29,4.8,10.51,79.49,86.43,47.76,108.45,110.64,155.18,95.7275,87.46,29.48,119.6785,31.6,311.01,88.92,140.9369,22.3,277.15,206.05,108.78,322.28,125.55,11.45,312.73,71.15,255.88,199.6833,76.45,56.83
6/7/21,448.059998,147.75,15.88,63.23,37.74,24.25,125.9,291.15,138,138.97,38.39,4.85,10.83,79.31,86.11,47.88,107.75,110.6,158.5,96.745,87.03,29.8,120.115,31.35,309.96,89.05,141.5105,22.42,277.04,203.73,107.37,320.24,124.94,11.66,315.2,68.24,252.59,201.71,76.87,56.29
6/8/21,450.959991,146.369995,15.63,63.919998,38.62,24.22,126.74,289.17,139,135.86,39.45,4.79,10.92,79.08,86.08,48.87,108.73,111.7,160.02,97.4875,87.39,29.78,119.922,32.25,310.9,90.18,142.5143,22.51,277.89,203.59,109.99,326.32,125.61,11.95,317.42,68.86,254.99,201.1967,78.15,58.15
6/9/21,444,146.100006,15.48,62.77,37.98,23.85,127.13,293.82,138.09,134.65,39.06,4.68,10.94,78.14,86.21,50.63,107.78,110.83,160.88,97.5075,85.81,29.85,120.397,31.6,307.34,88.88,144.044,22.37,280.08,202.74,107.58,327.68,123.8,11.62,316.71,66.59,256.06,199.5933,78.84,64.48
6/10/21,436.450012,147.600006,15.11,61.34,37.42,23.46,126.11,298.13,138.66,137.16,38.27,4.75,10.93,76.89,87.71,48.24,108.41,111.4,163.94,99.745,86.17,29.95,121.7565,31.31,308.31,89.03,143.9197,22.34,286.38,203.13,106.31,335.41,127.34,11.59,318.65,66.98,262.07,203.3733,79.14,64.88
6/11/21,432.230011,147.690002,15.28,61.490002,37.38,23.53,127.35,299.19,138.7,136.82,39.38,4.64,10.98,76.48,88.81,48.96,107.91,110.31,162.2,100.0475,85.44,30.03,121.51,32.31,310.77,89.68,144.6272,22.53,288.09,202.81,106.59,340,131.09,11.76,317.34,66.95,263.07,203.2967,79.68,62.55
6/14/21,413.51001,148.570007,14.87,60.790001,36.95,22.99,130.48,302.87,138.31,139.03,39,4.65,11,75.16,89.13,47.76,107.97,106.62,162.33,102.2725,84.86,29.99,122.4455,32.44,309.32,88.67,143.4321,22.8,290.93,201.36,102.71,341.02,129.56,11.825,320.01,65.8,266.49,205.8967,81.21,63.44
6/15/21,411.200012,148.580002,15,60.810001,36.29,22.79,129.64,301.72,138.5,138.64,39.19,4.7,10.99,73.82,84.54,50.24,110.3,106.5,159.37,101.275,85.6,30.04,121.4195,32.35,306.45,90.66,142.7916,22.54,290.7867,200.61,101.92,335.15,130.7,11.8,319.73,63.14,264.09,199.7867,81.16,61.69
6/16/21,408.769989,147.100006,15.02,61.759998,35.36,22.83,130.15,303.3,139.13,136.98,38.74,4.73,11.05,71.46,85.71,51.19,109.67,107.09,157.57,100.9375,84.71,29.69,120.7725,32.88,302.78,88.52,141.3289,22.66,290.4733,196.91,99.94,332.49,131.73,11.85,317.29,62.68,261.41,201.6233,80.8,59.73
6/17/21,410.299988,148.520004,14.77,60.080002,33.58,22.23,131.79,312.61,136.56,137.32,38.16,4.66,10.94,68.86,89.05,47.99,107.07,103.83,156.69,103.1125,81.43,29.53,121.7435,32.38,303.12,85.63,139.1969,22.79,295.0033,195.14,95.25,348.5,131.52,11.705,321.88,59.41,265.14,205.5333,80.55,58.78
6/18/21,399.51001,145.419998,14.52,58.759998,32.08,22.29,130.46,318.57,134.65,131.23,36.74,4.56,10.68,67.61,91.3,48.03,103.03,100.06,154.2,104.5725,79.31,29,120.111,31.28,302.61,84.35,136.826,22.41,292.9533,191.6,93.02,352.34,130.99,11.395,318.44,59.48,265.86,207.77,78.51,57.83
6/21/21,406.75,146.559998,14.78,59.299999,33.09,22.45,132.3,325.09,137.77,133.05,37.7,4.61,10.79,68.45,92.41,53.82,106.05,103.82,155.68,105.7575,84.99,29.43,121.8125,31.61,307.6,90.4,140.2008,22.64,298,195.21,95.86,356.7,132.77,11.49,321.12,61.66,264.8,206.9433,80.58,57.78
6/22/21,411.890015,146.779999,14.91,59.240002,33.91,22.11,133.98,327.19,138.69,133.44,37.77,4.63,10.76,68.96,94,55.03,106.4,104.31,154.89,106.8775,84.95,29.59,122.3305,32.29,312.71,88.62,139.9235,22.87,300.6533,195.14,95.68,361.56,133.79,11.305,321.03,62.3,268.46,207.9033,82.22,59.16
6/23/21,405.600006,144.850006,15.42,60.119999,35.04,22.2,133.7,321.7,138.15,135.5,37.94,4.6,10.75,69.65,96.04,56.28,106.27,103.22,151.95,107.93,85.7,29.58,122.127,32.94,311.67,88.29,138.2505,22.83,301.8067,192.36,95.97,365.12,130.47,11.35,317.22,63.01,268.86,218.8567,83.47,58.6
6/24/21,402.690002,145.669998,15.26,60.040001,36.35,22.35,133.41,311.81,138.72,138.26,38.59,4.66,10.84,71.32,97,58.75,107.14,104.73,150.03,106.25,86.09,30.5,122.5,33.1,311.84,88.5,139.044,22.98,301.5233,193.26,97.88,367.35,132.22,11.265,315.73,63.66,273.8,226.6067,83.46,58.79
6/25/21,405.440002,146.410004,15.19,60.299999,35.8,22.22,133.11,311.54,138.85,136.19,43.3,4.46,10.8,71.55,98.05,59.32,107.3,102.43,152.21,107.59,87.65,29.93,122.5085,33.99,313.63,89.32,140.3824,23.05,302.7833,194.75,96.69,368.8,133.86,11.22,319.1,64.42,268.97,223.9567,84.02,59.94
6/28/21,402,147.039993,14.96,58.639999,36.09,21.39,134.78,312.44,139.33,140.99,40.49,4.41,10.78,71.51,99.1,55.27,103.99,100.54,152.69,106.79,82.97,30.04,122.536,32.66,314.28,86.18,138.9006,23.66,304.1367,196.5,95.11,373.5,134.42,11.34,322.84,64.45,274.03,229.5733,82.96,59.01
6/29/21,398.390015,146.940002,15.01,58.830002,37.53,21.08,136.33,313.27,139.19,141.92,40.27,4.42,10.63,69.68,99.97,56.08,103.76,100.88,152.41,106.7,82.31,30.06,122.2725,32.58,318.24,86.19,139.1491,23.81,306.9067,196.03,94.63,373.95,135.91,11.205,322.01,65.02,276.18,226.92,83.41,57.96
6/30/21,402.130005,148.169998,14.86,59.169998,36.84,21.21,136.96,312.11,139.3,142.4,40.73,4.36,10.59,70.75,95.92,57.69,104.74,103.75,150.46,106.75,83.44,31.13,122.0895,33.65,318.89,87.32,140.1434,23.46,306.5467,198.63,95.93,363.47,136.96,11.238,318.7,64.32,275.79,226.5667,83.1,57.89
7/1/21,397.160004,148.199997,14.91,59.110001,36.96,21.51,137.27,312.91,140.21,137.95,41.61,4.31,10.68,71.01,96.11,59.51,106.21,102.9,149.84,106.71,85.99,30.28,122.4445,33.52,321.54,88.89,140.3824,23.54,309.1533,199.09,96.65,373.59,134.33,11.12,320.04,63.18,277.11,225.9733,83.73,58.36
7/2/21,393.390015,148.910004,14.93,58.959999,37.92,21.48,139.96,317.02,140.04,138.16,40.33,4.3,10.6,70.41,97.88,57.17,106.07,102.41,150.27,107.8975,85.77,30.39,125.2575,33.4,322.7,88.17,133.8623,23.49,312.72,199.89,96.52,383.86,135.3,11.32,322.84,64.19,279.16,226.3,84.92,57.76
7/6/21,388.549988,149.130005,14.5,57.459999,36.47,21.01,142.02,326.71,138.56,136.78,39.19,4.09,10.52,68.21,99.23,55.75,103.99,98.45,152.32,110.1625,83.72,30.19,126.19,32.29,319.26,85.18,132.6769,23.65,316.0133,196.89,92.55,388.08,133.81,11.123,326.2,62.44,279.29,219.86,85.14,56.47
7/7/21,384.089996,149.789993,14.23,56.59,36.23,20.31,144.57,334.53,140.02,134.87,39.5,4.05,10.42,67.93,98.83,52.1,102.93,95.55,153.89,111.88,81.09,31.05,126.474,31.38,323.48,83.34,133.6711,23.57,318.23,199.86,95.69,387.22,134.7,11.1,330.8,63.99,279.86,214.8833,84.87,56.3
7/8/21,384.859985,149.860001,14.06,56.060001,35.36,20.35,143.24,325.04,137.52,132.53,38.72,3.99,10.33,66.73,98.11,51.76,102.6,94.56,154.58,111.7425,79.89,30.1,125.044,30.89,318.54,82.6,134.5507,23.16,317.29,198.27,93.7,382.49,133.31,11.26,328.91,62.89,278.86,217.6033,84.89,55.72
7/9/21,392.5,149.479996,14.48,58.759998,37.44,20.89,145.11,324.77,138.27,134.9,39.4,4.02,10.59,68.45,99.22,54.44,104.07,96.86,155.76,110.1825,82.59,30.56,125.5185,32.34,322.09,84.01,135.2964,23.22,316.9267,201,97.17,383.59,136.15,11.75,329.33,65.18,280.75,218.9833,86.43,56.34
7/12/21,403.579987,149.509995,14.61,58.970001,37.29,20.84,144.5,322.14,138.12,136.8,39.94,4.13,10.64,69.44,96.16,53.67,104.28,98.35,157.68,111.4425,83.3,30.65,126.9755,32.29,321.74,84.6,134.7227,23.49,319.6833,199.98,97.76,376.13,135.72,11.98,330.6,65.07,278.56,228.5667,87.53,55.9
7/13/21,403.200012,152.960007,14.42,58.73,35.62,20.02,145.64,319.13,134.04,136.29,38.05,4.19,10.37,68.37,95.84,52.88,103.93,96.77,155.49,111.5975,82.73,30.52,127.3415,31.49,317.05,83.91,134.1109,23.21,318.75,199.6,95.3,372.02,130.67,11.97,329.15,64.39,278.09,222.8467,86.97,55.63
7/14/21,407.549988,154.539993,14.25,58,35.14,20.62,149.15,312.3,135.87,135.65,37.84,4.29,10.32,68.17,96.01,48,101.97,94.52,157.36,110.1225,79.66,30.46,128.237,31,319.22,80.39,133.6711,22.64,318.36,202.83,95.08,370,130.95,12.04,331.78,63.8,279.08,217.7933,88.2,55.33
7/15/21,410.769989,155.25,14.01,56.950001,34.54,20.46,148.48,310.19,137.32,133.2,37.82,4.12,10.37,68.45,95.4,45.85,101.3,94.47,157.09,110.355,76.19,30.34,127.005,29.72,322.71,78.38,134.2734,22.19,317.8867,202.59,95.42,369.93,129.89,11.816,332.32,63.96,277.68,216.8667,88.6,51.47
7/16/21,414.630005,155.820007,13.61,55.459999,32.95,19.79,146.39,317.98,138.5,128.18,36.74,4.13,10.41,66.9,95.31,41.35,98.62,89.9,157.32,112.1725,73.91,30.07,126.97,28.32,321.54,76.37,132.7916,22.1,316.7033,199.37,92.04,372.85,127.79,11.93,334.11,61.95,276.56,214.74,89.68,50.56
7/19/21,405.399994,155.800003,13.28,54.18,31.62,18.97,142.45,314.62,135.91,128.62,35.74,3.95,10.16,65.08,95.65,38.81,95.96,87.77,156.32,108.7625,70.34,29.7,124.578,27.67,318.87,73.65,131.8547,21.94,310.73,197.56,90.04,367.4,128.1,11.78,334.53,60.87,274.48,215.4067,84.43,49.03
7/20/21,414.980011,155.820007,13.91,56.150002,34.95,20.56,146.15,323.59,141.35,131.97,36.74,4.04,10.29,66.29,97.6,40.29,96.53,91.3,157,111.925,71.5,30.16,126.2095,28.51,325.35,74.24,133.8145,22.16,318.35,200.82,91.52,378.59,134.88,11.79,335.3,62.04,277.89,220.1667,88.02,48.68
7/21/21,409.299988,155.240005,14.19,57.049999,37.09,21.4,145.4,322.85,140.47,138,38.36,4.06,10.44,67.89,97.41,43.05,99.82,93.99,154.68,111.745,74.19,30.373,127.549,29.47,326.36,76.3,135.086,22.86,314.98,200.77,92.9,383.02,135.25,11.9,331.96,63.55,278.22,218.43,87.99,49.59
7/22/21,409.279999,155.190002,13.91,55.639999,37.23,21.16,146.8,323.54,135.97,137.18,37.84,4,10.31,66.93,98.8,42.34,98.82,92.52,153.98,112.7225,73.7,30.49,128.4215,29.02,326.66,74.99,134.522,22.87,324.63,199.07,93.85,385.54,133.81,11.87,334.1,63.07,281.6,216.42,87.35,49.61
7/23/21,417.470001,157.179993,13.82,54.939999,37.06,21.2,148.56,328.52,139.18,138.43,38.5,3.98,10.39,66.71,100.35,40.24,98.86,90.31,154.86,115.18,72.51,30.72,133.015,29.14,332.84,74.37,135.1243,22.56,325.4867,200.49,94.33,395.9,134.22,11.9,337.04,63.08,285.07,214.46,87.76,49.02
7/26/21,415.890015,157.070007,14.03,55.77,38.96,22.08,148.99,325,138.05,138.48,38.86,4.09,10.48,67.77,99.59,41.87,100.95,93.25,153.78,113.145,74.17,30.81,134.035,30,331.18,75.85,136.4914,22.38,322.0333,201.67,97.76,391.31,139,11.52,338.19,64.7,283.89,219.2067,87.6,49.61
7/27/21,405.899994,157.940002,13.79,55,38.27,21.46,146.77,321.96,136.7,134.9,39.02,4.07,10.45,67.98,98.42,38.76,100.61,92.51,155.38,112.145,72.73,30.69,131.9,29.24,327.26,74.06,136.4723,22.22,325.0267,200.47,98.38,388.56,130.91,11.03,340.79,64.99,281.16,214.9267,88.27,49.2
7/28/21,399,156.490005,13.86,55.490002,38.23,21.63,144.98,323.8,135.59,137.21,38.78,4.4,10.51,68.1,98.59,40.28,101.18,92.37,154.16,114.98,73.3,30.77,136.094,28.7,325.52,77.49,135.5354,22.83,324.1667,198.28,99.4,395.24,128.72,10.92,340.32,65.18,283.69,215.66,87.39,49.19
7/29/21,405.269989,156.809998,14.39,57.279999,39.37,21.17,145.64,324.81,135.5,137.5,39.77,4.17,10.48,68.81,98.12,40.17,102.57,89.86,150.49,114.0125,73.71,30.78,135.7775,28.94,327.43,77.66,135.6883,22.77,327.1633,198.17,103.45,400.02,130.2,11.26,338.44,67.71,285.53,225.7833,87.73,48.1
7/30/21,399.149994,156.949997,13.95,56.84,40.15,20.38,145.86,327.14,136.6,139.93,39.67,4,10.37,67.62,98.4,39.36,101.81,87.36,154.16,128.8775,72.86,30.76,134.7265,29.17,328.19,76.44,134.761,22.71,330.4867,197.94,104.02,400,131.07,10.95,340.99,65.64,287.99,229.0667,86.86,49.38
8/2/21,392.820007,156.320007,13.91,57.029999,39.4,20.06,145.52,328.36,135.87,142.01,39.39,4.26,10.37,67.73,98.52,37.93,101.63,86.5,154.74,127.8375,71.62,30.98,134.8545,29.1,327.22,73.78,135.2008,22.73,330.85,197.52,102.08,399.94,130.59,11,342.36,64.62,287.61,236.5567,86.27,49.15
8/3/21,392.23999,156.669998,14.02,57.880001,40.38,19.95,147.36,326.52,137.81,142.16,39.55,4.2,10.41,68.88,97.57,37.91,102.6,86.78,155.15,130.305,73.68,30.83,135.63,29.46,331.94,74.98,137.7342,23.17,333.2033,201.03,106.67,400.04,134.25,11.021,346.02,65.45,289.2,236.58,87.11,48.66
8/4/21,385.890015,154.050003,13.32,52.720001,38.75,19.45,146.95,331.2,135.47,142.76,38.7,3.94,10.49,68.52,100,31.51,100.3,84.99,155.93,128.6325,70.74,30.79,135.1255,27.1,330.31,71.87,136.4818,23.12,330.2933,197.53,104.9,442.86,133.23,11.98,349.07,64.66,291.49,236.9733,85.1,48.59
8/5/21,391.26001,154.309998,13.71,54.439999,38.75,20.91,147.06,348.86,137.3,142.27,39.6,3.88,10.59,69.69,98.74,33.41,101.23,90.5,155.96,130.9825,70.74,30.89,136.2515,28.51,333.11,73.2,136.4914,22.95,339.7,197.8,101.51,457.27,132.85,12.38,346.93,65.04,293.2,238.21,86.58,50.1
8/6/21,393.309998,154.330002,13.8,55.049999,40.71,21.02,146.14,345.88,137.54,142.65,40.5,3.92,10.59,71.07,102.5,32.79,101.95,90.5,157.08,129.16,70.93,30.91,135.7385,29.11,329.84,73.14,137.7533,22.92,343.34,198.13,104.31,466.45,131.47,12.15,347.01,65.41,292.43,233.0333,85.18,50.33
8/9/21,388.209991,154.350006,13.75,53.950001,40.53,20.56,146.09,346.65,136.36,142,40.32,3.97,10.6,71.52,106.4,31.62,100.25,90.84,157.67,129.395,69.38,30.87,136.913,29.01,328.76,71.64,135.0382,23.28,344,197.43,107.78,468.56,128.74,12.085,346.59,65.23,291.4,237.92,85.56,49.76
8/10/21,394.109985,154.429993,13.82,54.259998,43.87,20.94,145.6,332.7,136.48,138.06,41.31,3.93,10.41,72.98,105.73,32.54,102.08,90.57,154.37,124.985,68.73,30.82,136.807,30.29,331.48,72.61,135.1625,23.25,331.8733,199.25,118.1,458.34,131.89,12.255,341.3,66.53,288.25,236.6633,85.04,50.24
8/11/21,400.209991,155.039993,13.93,54.27,44.66,21.23,145.86,319.88,137.17,134.82,42.22,3.9,10.44,74.3,105.4,32.19,102.85,92.95,156.46,122.565,69.46,30.92,136.279,30.38,337,72.78,135.8795,23.11,331.8833,201.57,122.72,463.68,135.3,12.04,346.49,66.54,288.95,235.94,83.95,50.68
8/12/21,412.980011,155.070007,13.9,54.619999,45.15,20.43,148.89,322.17,137.1,129.22,41.74,3.82,10.43,74.13,107.23,31.9,102.64,93.76,157.52,123.2125,69.79,31,137.194,30,334.02,71.99,136.7782,22.82,333.3333,201.43,125.24,472.55,134.98,11.44,350.22,66.01,292.19,240.75,83.74,50.47
8/13/21,410.01001,156.520004,13.59,53.650002,45.25,19.84,149.1,321.65,138.01,129.9,41.71,3.9,10.5,73.11,106.38,30.22,101.96,91.02,159.1,122.8525,68,31.02,137.7275,28.89,331.32,69.94,136.8834,22.6,334.3467,200.58,126.17,463.73,132.45,11.365,353.81,67.21,293.12,239.0567,85.11,50.26
8/16/21,406.399994,158.050003,13.46,52.950001,43.42,19.76,151.12,323.93,139.97,131.69,41.82,3.78,10.53,72.1,106.42,28.81,100.92,87.4,161.4,126.545,65.92,31.07,138.3095,28,335.05,67.46,137.2753,22.42,339.4133,202.32,124.28,473.44,133.35,11.125,352.45,64.84,294.42,228.7233,85.26,49.8
8/17/21,407.529999,157.899994,12.99,50.470001,41.61,19.34,150.19,328.56,140.09,128.8,41.08,3.73,10.48,71.62,105.61,28.88,100.73,84.11,161.62,127.56,65.97,30.88,136.6615,26.76,320.75,66.4,136.1568,22.18,345,199.55,119.57,462.53,128.89,10.95,359.7,63.13,291.62,221.9033,85.59,48.95
8/18/21,398.200012,156.279999,13,50.84,41.49,19.14,146.36,330.8,139.96,127.37,40.54,3.69,10.46,71.12,105.43,27.89,96.7,85.01,159.65,127.385,65.36,30.47,135.449,26.67,321.55,64.74,133.3365,22.32,346.46,196.51,120.77,459.23,126.48,10.23,353.65,62.52,290.63,229.6633,84.3,47.94
8/19/21,396.75,158.910004,12.67,49.080002,36.92,18.73,146.7,333.35,140.22,129.2,40.54,3.7,10.43,69.84,105.22,25.97,94.29,82.47,162.9,126.3875,64.26,30.47,135.68,27.42,322.9,63.59,131.9503,22.32,351.88,195.36,117.43,457.08,123.5,9.91,359.86,60.87,315.99,224.49,84.08,47.25
8/20/21,401,158.350006,12.57,48.799999,37.71,18.5,148.19,348.11,138.58,127.2,41.36,3.69,10.58,70.25,106.2,26.98,94.3,85.64,162.77,129.7475,64.47,30.75,137.4295,28.27,329.24,64.32,132.9924,22.68,347.94,194.16,116.42,469.42,124.58,9.67,362.16,60.79,316.88,226.7533,84.22,48.51
8/23/21,400,157.850006,12.73,48.18,41.11,19.11,149.71,351.81,139.09,131.49,41.86,3.67,10.52,70.89,108.28,29.51,96.73,89.28,162.09,128.18,67.64,31.08,140.0415,28.32,327.74,66.75,133.4799,22.97,348.6733,194.68,119.83,476.82,125.1,9.6,358.09,62.7,320.92,235.4333,84.18,49.05
8/24/21,397.579987,155.889999,13.08,49.57,42.13,19.83,149.62,357.62,140.4,131.44,42.17,3.9,10.55,72.04,109.29,31.22,97.84,93.86,161.58,128.825,68.45,31.23,141.2615,29.02,324.9,68.19,133.6902,23.11,348.8967,194.75,123.25,485.58,127.17,9.88,352.64,63.06,324.95,236.1633,84.48,50.02
8/25/21,396.01001,155.199997,13.17,49.700001,42.06,20.15,148.36,358.01,141.14,132.82,42.46,3.93,10.65,73.18,109.75,32.63,98.51,97.7,158.63,129.39,68.73,31.42,142.079,27.48,323.88,69.34,133.7094,23.19,347.9867,194.34,119.96,484.13,126.36,10.275,349.58,62.43,325.01,237.0667,84.89,50.21
8/26/21,391.100006,154.630005,12.9,48.619999,41.42,19.9,147.54,358.51,140.04,132.49,42.16,3.8,10.53,72.44,109.31,31.71,97.22,99.99,158.86,129.265,67.43,31.21,141.4405,26.35,321.48,67.4,132.6769,22.92,347.4167,195.32,118.06,481.15,123.17,10.318,350.48,61.2,326.51,233.72,84.67,51.34
8/27/21,399.950012,154.940002,13.31,49.799999,44.13,20.22,148.6,358.53,141.49,136.55,43.71,3.94,10.66,72.99,110.75,34.24,98.64,104.24,160.11,130.1775,69.63,31.69,144.004,26.51,323.38,69.85,133.2792,23.12,345.5067,195.05,119.85,484.7,123.07,10.23,352.83,63,331.81,237.3067,85.64,52
8/30/21,401,156,13.05,49.169998,44.05,19.51,153.12,360.96,143.08,136.05,43.12,3.95,10.52,71.67,111.45,33.77,98.39,102.12,162.42,130.385,67.39,31.636,144.5905,26.74,327.1,69.08,132.8585,23.35,352.97,196.17,121.04,488.85,123.55,10.24,358.64,63.04,334.28,243.6367,85.76,51.93
8/31/21,406.160004,156.389999,13.03,49.009998,44.37,19.94,151.83,363.96,143.99,135.13,42.98,3.89,10.51,71.91,112.35,34.17,96.77,101.63,163.91,132.355,67.52,31.63,144.6975,26.73,326.18,68.75,134.1683,23.33,351.1867,194.74,117.56,488.9,119.76,10.41,358.97,62.59,332.24,245.24,87.53,52.11
9/1/21,407.720001,157.910004,13.11,49.110001,45.6,19.64,152.51,363.27,144.55,133.46,43.23,3.91,10.57,71.31,113.22,33.71,95.71,101.89,166.6,136.23,66.36,31.63,145.2155,26.45,323.64,68.81,133.174,23.51,354.2367,193.44,116.26,492,119.05,10.47,366.38,61.73,333.63,244.6967,88.18,52.35
9/2/21,405,156.949997,13.01,48.950001,46.91,19.76,153.65,369.83,147.71,134.45,43.58,3.75,10.48,71.5,114.07,33.96,97.71,103.5,168,134.9275,68.36,31.82,143.287,25.68,327.74,71.27,133.8528,23.79,357.1767,194.89,115.28,500.8,119.11,10.37,366.71,62.4,337.74,244.13,87.75,52.59
9/3/21,398.5,157.089996,12.89,48.82,47.21,19.37,154.3,372.69,148.13,135.83,43.54,3.75,10.52,71.17,115.96,33.67,97.49,103.56,167.6,135.6075,67.99,31.81,143.7395,25.11,330.34,69.91,133.4417,23.6,357.2567,194.39,114.05,496.26,120.74,10.35,366.48,62.64,336.64,244.5233,86.75,52
9/7/21,393.549988,154.529999,12.95,48.720001,46.77,19.53,156.69,376.2,143.15,136.49,42.39,3.91,10.4,70.82,116.11,33.58,97.06,107.08,166.4,137.915,67.67,31.593,144.2805,24.89,328.95,70.11,131.9885,23.41,359.3867,185.58,114.76,483.3,116.54,10.03,365.16,62.37,336.32,250.9733,85.09,50.91
9/8/21,400.649994,156.720001,13.03,48.970001,45.73,19.13,155.11,374.79,144.85,133.56,41.83,3.63,10.32,70.04,113.21,32.64,96.39,105.89,166.14,137.6375,67.18,31.355,143.691,24.3,331.58,68.68,132.5717,22.96,360.8533,187.89,112.18,478.18,115.3,10.38,368.58,60.01,336.59,251.29,86,50.55
9/9/21,394.140015,155.729996,12.76,48.419998,47.51,20.2,154.07,365.84,143.28,135,41.63,3.48,10.31,70.46,112.35,33.58,96,106.59,157.88,138.165,67.35,31.3,143.541,24.6,331.77,68.58,131.6826,22.93,356.67,185.75,112.57,480.1,117.52,10.24,359.65,60.19,333.55,251.62,86.11,50.08
9/10/21,390.01001,155.460007,12.68,49.490002,49.5,18.95,148.97,361.2,144.56,136.84,40.81,3.63,10.29,69.57,109.85,33.06,96.07,104.19,155.37,137.345,67.14,31.069,140.876,23.86,331.95,67.77,130.9943,22.57,341.1567,184.55,112.25,475.63,119.89,10.2,352.82,61.87,332.49,245.4233,86.68,51.91
9/13/21,395.700012,155.759995,12.99,50.82,49.22,19.31,149.55,352,142.27,139.44,41.6,3.56,10.31,70.52,109.75,35.38,97.97,104.34,154.71,135.1075,70.09,31.25,142.3325,24.36,335.45,71.39,132.0746,23.02,342.6067,185.23,109.2,465.6,121.73,10.22,352.66,61.48,331.59,247.6667,88.22,53.98
9/14/21,386.029999,155.149994,12.86,50.740002,48,19.21,148.12,353.53,139.56,140.14,41.12,3.67,10.13,68.78,106.96,33.83,96.2,103.07,154.21,135.5575,69.52,30.991,142.5445,23.84,333.12,68.91,130.2294,22.88,346.3367,182.42,106.2,468.02,119.65,10.33,356.57,60.77,332.59,248.1633,87.54,54.02
9/15/21,385.350006,156.020004,13.22,51.82,51.68,19.38,149.03,355.18,141.21,141.23,41.27,3.51,10.22,70.45,107.61,36.73,98.24,107.33,156.02,137.9175,75.31,31.502,144.4295,23.83,333.37,72.65,131.1664,22.56,348.5067,184.19,109.63,475,122.22,10.32,355.46,62.34,336.09,251.9433,86.88,55.08
9/16/21,383.25,155.559998,13.4,51.52,49.41,19.89,148.79,357.87,141.2,144.09,40.52,3.45,10.23,70,109.17,38.29,97.32,108.57,156.41,141.2825,73.97,31.45,143.61,24.2,336.39,72.16,130.4302,22.41,344.67,182.66,109.82,482,122.04,10.28,355.43,59.14,335.38,252.33,87.81,55
9/17/21,391.429993,154.130005,13.55,51.330002,48.83,19.73,146.06,355,138.44,140.8,40.4,3.35,10.2,69.96,109.16,37.87,96.76,106.07,156.8,140.785,74.25,31.53,140.8,24.35,335.67,71.34,129.283,22.52,345.7567,181.49,104.89,482.37,119.69,10.1,352.7,58.51,325.54,253.1633,85.83,55.09
9/20/21,381.899994,153.610001,12.82,49.369999,48.46,20.33,142.94,347.38,137.26,135.53,39.43,3.16,10.12,67.3,106.15,35.44,94.78,104.75,157.31,139.44,71.53,30.39,138.7195,23.82,331.21,67.6,128.4034,21.92,337.9967,180.53,96.88,483.99,117.18,10.065,353.43,56.88,321.3,243.39,85.75,54.77
9/21/21,381.76001,153.539993,12.77,49.369999,45.6,19.76,143.43,344.99,135.31,135.18,38.02,3.23,10.11,66.94,105.9,36.11,94.85,105.04,157.16,138.4475,72.21,30.29,139.033,23.28,334.22,67.31,127.1224,22.18,338.0133,178.42,96.21,492.53,116.27,10.16,354.35,56.45,317.9,246.46,85.94,55.71
9/22/21,390.899994,154.009995,13.23,50.779999,47.95,20.52,145.85,348.96,136.37,138.1,38.08,3.25,10.12,68.24,108.59,37.68,97.64,109.91,159.53,142.605,74.6,30.8,140.2835,23.63,335.93,70.82,128.7094,22.49,342.8233,179.84,97.18,500.45,118.57,10.1,358.48,56.75,320.52,250.6467,85.44,55.38
9/23/21,392.279999,154.130005,13.71,51.919998,48.56,20.9,146.83,350.61,138.62,141.11,38.18,3.44,10.18,70.88,112.94,40.59,100.06,111.62,154.68,143.1825,76.87,31.3,141.216,24.19,335.91,74.7,130.717,22.69,348.28,181.53,99.4,511.26,120.38,10.172,353.65,57.14,322.88,251.2133,85.74,55.78
9/24/21,390.079987,154.199997,13.78,52.23,48.49,21.39,146.92,350.36,137.34,141.92,37.98,3.35,10.15,71.18,114.92,42.7,100.6,112.35,152.72,140.185,78.1,31.33,142.215,23.91,337.49,75.34,131.4436,22.25,347.7767,181.04,100.92,515.48,120.82,10.07,344.93,57.95,321.94,258.13,83.3,55.96
9/27/21,391.429993,152.720001,14.16,53.240002,51.56,21.47,145.37,338.47,136.89,142.74,39.7,3.45,10.17,72.26,115.91,47.54,102.97,116.35,147.78,137.2675,81.81,31.59,141.072,24.58,341.41,79.12,132.4665,22.43,337.9167,181.79,103.92,507.02,121.5,10.08,336,59.25,313.4,263.7867,82.79,56.03
9/28/21,387.320007,151.050003,14.31,52.849998,50.98,21.43,141.91,331.27,134.59,132.89,38.44,3.43,10.07,71.37,113,47.24,103.36,115.48,146.09,134.235,81.73,31.08,135.83,24.6,333.8,78.66,131.4245,21.94,330.83,180.05,102.92,488.41,122.17,9.81,331.6,58.2,301.93,259.1867,83.1,55.59
9/29/21,398.359985,152.300003,14.3,52.93,50.58,21.01,142.83,329.51,135.22,128.27,38.19,3.32,9.97,71.53,112.98,48.94,103.33,113.4,146.76,136.395,82.57,31.114,134.3535,24.68,336.93,78.36,133.0593,21.71,330.7833,180.88,99.79,495,123.91,9.85,332.78,57.17,302.62,260.4367,83.79,56.09
9/30/21,394.179993,150.410004,14.16,52.709999,48.94,20.52,141.5,325.52,132.18,128.73,37.76,3.32,9.86,70.18,112.62,49.08,101.45,112.28,144.45,136.715,80.27,30.57,133.676,22.7,328.26,78.11,132.8203,21.65,331.3833,175.42,98.49,495.75,119.66,9.86,330.57,56.14,299.41,258.4933,82.4,56.26
10/1/21,389.359985,150.949997,14.16,53.130001,49.77,21.65,142.65,323.33,132.47,129.13,38.52,3.43,10,71.18,114.57,50.43,104.33,119.49,145.06,137.48,83.91,30.865,136.543,23.57,329.86,81.14,137.0172,21.77,336.5,176.68,97.65,505.61,121.25,10.105,333.57,56.79,302.49,258.4067,83.85,57.65
10/4/21,391.279999,150.199997,14.35,53.98,49.18,21.39,139.14,313.87,130.26,125.2,37.47,3.27,10.02,71.29,112.01,53.93,104.72,118.11,145.45,131.6075,86.4,30.725,133.6595,23.89,326.47,82.78,137.7725,21.2,323.5,176.04,96.78,494.6,121.88,10.36,334.16,56.52,289.25,260.51,83.73,57.58
10/5/21,404.5,151.089996,14.29,54.34,49.05,21.47,141.11,332.47,129.69,128.07,37.02,3.33,9.99,72.53,113.31,56.4,105.86,114.76,142.7,135.0975,87.1,31.04,136.023,23.74,329.48,84.11,136.8547,21.24,330.07,177.88,98.7,498.09,122.57,10.58,330.76,56.24,293.35,260.1967,81.74,57.94